,timestamp,angle,safety_switch_pressed,flex_myobrick_pos_encoder,flex_myobrick_torque_encoder,flex_myobrick_current,flex_myobrick_pwm,flex_myobrick_in_running_state,extend_myobrick_pos_encoder,extend_myobrick_torque_encoder,extend_myobrick_current,extend_myobrick_pwm,extend_myobrick_in_running_state
0,1675347062.2305393,1581.0,False,-0.040211718529462814,-120.0,0.05000000074505806,0.0,True,0.07037051022052765,-181.0,0.22499999403953552,0.0,True
1,1675347062.2786868,1580.0,False,-0.040211718529462814,-120.0,0.23749999701976776,0.0,True,0.07037051022052765,-181.0,0.21250000596046448,0.0,True
2,1675347062.3290527,1581.0,False,-0.040211718529462814,-120.0,-0.03750000149011612,0.0,True,0.07037051022052765,-181.0,0.125,0.0,True
3,1675347062.3793235,1581.0,False,-0.040211718529462814,-120.0,0.0,0.0,True,0.07037051022052765,-181.0,0.17499999701976776,0.0,True
4,1675347062.4297755,1580.0,False,-0.040211718529462814,-120.0,0.21250000596046448,0.0,True,0.07037051022052765,-181.0,0.10000000149011612,0.0,True
5,1675347062.4800823,1580.0,False,-0.040211718529462814,-120.0,0.11249999701976776,0.0,True,0.07037051022052765,-181.0,0.10000000149011612,0.0,True
6,1675347062.5303836,1580.0,False,-0.040211718529462814,-120.0,0.10000000149011612,0.0,True,0.07037051022052765,-181.0,0.08749999850988388,0.0,True
7,1675347062.5807254,1580.0,False,-0.040211718529462814,-120.0,0.17499999701976776,0.0,True,0.07037051022052765,-181.0,-0.05000000074505806,0.0,True
8,1675347062.6311145,1580.0,False,-0.040211718529462814,-120.0,-0.012500000186264515,0.0,True,0.07037051022052765,-181.0,0.03750000149011612,0.0,True
9,1675347062.6813803,1581.0,False,-0.040211718529462814,-120.0,0.10000000149011612,0.0,True,0.07037051022052765,-181.0,0.03750000149011612,0.0,True
10,1675347062.7316287,1580.0,False,-0.040211718529462814,-120.0,0.13750000298023224,0.0,True,0.07037051022052765,-181.0,-0.012500000186264515,0.0,True
11,1675347062.7819388,1580.0,False,-0.040211718529462814,-120.0,0.125,0.0,True,0.07037051022052765,-181.0,0.13750000298023224,0.0,True
12,1675347062.8321836,1581.0,False,-0.040211718529462814,-120.0,0.125,0.0,True,0.07037051022052765,-181.0,0.15000000596046448,0.0,True
13,1675347062.8824701,1580.0,False,-0.040211718529462814,-120.0,0.012500000186264515,0.0,True,0.07037051022052765,-181.0,0.11249999701976776,0.0,True
14,1675347062.932709,1581.0,False,-0.040211718529462814,-120.0,0.15000000596046448,0.0,True,0.07037051022052765,-181.0,0.0625,0.0,True
15,1675347062.9831977,1581.0,False,-0.040211718529462814,-120.0,0.16249999403953552,0.0,True,0.07037051022052765,-181.0,0.125,0.0,True
16,1675347063.0334375,1581.0,False,-0.040211718529462814,-120.0,0.05000000074505806,0.0,True,0.07037051022052765,-181.0,-0.02500000037252903,0.0,True
17,1675347063.0837865,1581.0,False,-0.040211718529462814,-120.0,0.10000000149011612,0.0,True,0.07037051022052765,-181.0,0.1875,0.0,True
18,1675347063.133971,1580.0,False,-0.040211718529462814,-120.0,0.16249999403953552,0.0,True,0.07037051022052765,-181.0,0.11249999701976776,0.0,True
19,1675347063.1843817,1581.0,False,-0.040211718529462814,-120.0,-0.08749999850988388,0.0,True,0.07037051022052765,-181.0,0.1875,0.0,True
20,1675347063.235157,1580.0,False,-0.040211718529462814,-120.0,0.10000000149011612,0.0,True,0.07037051022052765,-181.0,0.20000000298023224,0.0,True
21,1675347063.284957,1581.0,False,-0.040211718529462814,-120.0,0.23749999701976776,0.0,True,0.07037051022052765,-181.0,0.11249999701976776,0.0,True
22,1675347063.33521,1581.0,False,-0.040211718529462814,-120.0,-0.11249999701976776,7.0,True,0.07037051022052765,-181.0,-0.0625,-2.0,True
23,1675347063.3857386,1583.0,False,-0.023926233872771263,-100.0,0.21250000596046448,7.0,True,0.06760627776384354,-139.0,0.13750000298023224,-2.0,True
24,1675347063.4360743,1587.0,False,0.020992500707507133,-135.0,0.512499988079071,-2.0,True,0.0540459081530571,-102.0,0.07500000298023224,7.0,True
25,1675347063.4863868,1587.0,False,0.03958585858345032,-178.0,0.21250000596046448,-2.0,True,0.05635377764701843,-153.0,0.38749998807907104,7.0,True
26,1675347063.5368223,1578.0,False,0.022387653589248657,-217.0,0.02500000037252903,-2.0,True,0.0822097584605217,-217.0,0.3125,7.0,True
27,1675347063.5872614,1574.0,False,-0.03489188104867935,-277.0,0.15000000596046448,-2.0,True,0.13778120279312134,-330.0,0.012500000186264515,7.0,True
28,1675347063.6376503,1565.0,False,-0.08376137912273407,-256.0,0.13750000298023224,-2.0,True,0.178592711687088,-407.0,0.23749999701976776,7.0,True
29,1675347063.6880279,1554.0,False,-0.14051936566829681,-264.0,0.10000000149011612,-2.0,True,0.22669291496276855,-441.0,0.125,7.0,True
30,1675347063.738305,1553.0,False,-0.156870037317276,-327.0,0.20000000298023224,7.0,True,0.24831128120422363,-396.0,0.26249998807907104,-2.0,True
31,1675347063.7885966,1561.0,False,-0.13776816427707672,157.0,0.03750000149011612,-2.0,True,0.2482852041721344,-484.0,0.5249999761581421,7.0,True
32,1675347063.8390062,1554.0,False,-0.14810796082019806,-313.0,0.2874999940395355,-2.0,True,0.26286259293556213,-479.0,0.5375000238418579,7.0,True
33,1675347063.8892317,1550.0,False,-0.19457830488681793,-370.0,0.05000000074505806,-2.0,True,0.30818554759025574,-443.0,0.42500001192092896,7.0,True
34,1675347063.9395945,1543.0,False,-0.2293267697095871,-446.0,-0.012500000186264515,-2.0,True,0.3334156572818756,-371.0,0.44999998807907104,7.0,True
35,1675347063.9899378,1533.0,False,-0.29787182807922363,-518.0,0.125,-2.0,True,0.3867444396018982,-233.0,0.22499999403953552,7.0,True
36,1675347064.0403135,1526.0,False,-0.3627530038356781,-612.0,0.25,-2.0,True,0.4386780560016632,-130.0,0.30000001192092896,7.0,True
37,1675347064.090643,1518.0,False,-0.39314648509025574,-630.0,0.125,-2.0,True,0.46591615676879883,-90.0,0.125,7.0,True
38,1675347064.1409724,1511.0,False,-0.45029565691947937,-605.0,0.21250000596046448,-2.0,True,0.5209660530090332,-43.0,0.21250000596046448,7.0,True
39,1675347064.1912491,1503.0,False,-0.517784595489502,-615.0,0.20000000298023224,-2.0,True,0.5885984301567078,-2.0,0.26249998807907104,7.0,True
40,1675347064.2414646,1497.0,False,-0.560747504234314,-643.0,0.2750000059604645,-2.0,True,0.6309484839439392,14.0,0.5,7.0,True
41,1675347064.29188,1489.0,False,-0.633582353591919,-664.0,-0.03750000149011612,-2.0,True,0.7004845142364502,133.0,0.375,7.0,True
42,1675347064.3422089,1483.0,False,-0.6864156126976013,-615.0,-0.012500000186264515,-2.0,True,0.7502015233039856,140.0,0.3499999940395355,7.0,True
43,1675347064.3925831,1475.0,False,-0.7433170676231384,-549.0,0.0625,-2.0,True,0.8076114654541016,101.0,0.3375000059604645,7.0,True
44,1675347064.4428682,1467.0,False,-0.781859815120697,-477.0,0.20000000298023224,-2.0,True,0.8432204723358154,31.0,0.26249998807907104,7.0,True
45,1675347064.4931312,1461.0,False,-0.8548250198364258,-373.0,-0.05000000074505806,-2.0,True,0.9178286194801331,-167.0,0.30000001192092896,7.0,True
46,1675347064.5433419,1456.0,False,-0.9055981636047363,-376.0,0.25,-2.0,True,0.9690320491790771,-296.0,0.16249999403953552,7.0,True
47,1675347064.5936158,1449.0,False,-0.9632428288459778,-512.0,0.32499998807907104,-2.0,True,1.0250729322433472,-349.0,0.4749999940395355,7.0,True
48,1675347064.6439266,1443.0,False,-0.9967395663261414,-595.0,0.30000001192092896,-2.0,True,1.0569528341293335,-308.0,0.26249998807907104,7.0,True
49,1675347064.6942272,1436.0,False,-1.070017695426941,-759.0,-0.03750000149011612,-2.0,True,1.1280795335769653,-197.0,0.4124999940395355,7.0,True
50,1675347064.7444947,1431.0,False,-1.1183526515960693,-833.0,0.6625000238418579,7.0,True,1.1770403385162354,-7.0,0.0,-2.0,True
51,1675347064.7947679,1442.0,False,-1.0906320810317993,-721.0,0.32499998807907104,7.0,True,1.1662702560424805,-69.0,0.0625,-2.0,True
52,1675347064.845085,1447.0,False,-1.066406011581421,-601.0,0.012500000186264515,7.0,True,1.1503368616104126,-130.0,0.0625,-2.0,True
53,1675347064.8954337,1451.0,False,-1.0059579610824585,-302.0,0.17499999701976776,7.0,True,1.0948697328567505,-323.0,0.03750000149011612,-2.0,True
54,1675347064.9457352,1457.0,False,-0.9744822978973389,-186.0,0.4124999940395355,7.0,True,1.0583218336105347,-386.0,0.17499999701976776,-2.0,True
55,1675347064.9959834,1462.0,False,-0.9338533282279968,29.0,0.36250001192092896,7.0,True,1.0115125179290771,-444.0,0.2874999940395355,-2.0,True
56,1675347065.0463433,1469.0,False,-0.9030295610427856,166.0,0.42500001192092896,7.0,True,0.9759687185287476,-437.0,0.21250000596046448,-2.0,True
57,1675347065.0965757,1475.0,False,-0.8435073494911194,146.0,0.5249999761581421,7.0,True,0.9166942238807678,-336.0,0.0625,-2.0,True
58,1675347065.1468499,1481.0,False,-0.7890833020210266,11.0,0.13750000298023224,7.0,True,0.8636783957481384,-207.0,0.05000000074505806,-2.0,True
59,1675347065.1973271,1486.0,False,-0.7708550095558167,-3.0,0.4000000059604645,7.0,True,0.8460759520530701,-150.0,-0.02500000037252903,-2.0,True
60,1675347065.24773,1492.0,False,-0.6828169226646423,-205.0,0.23749999701976776,7.0,True,0.7618712782859802,-81.0,0.16249999403953552,-2.0,True
61,1675347065.2979198,1501.0,False,-0.6406102776527405,-219.0,0.125,7.0,True,0.7200297117233276,-84.0,0.23749999701976776,-2.0,True
62,1675347065.3482165,1506.0,False,-0.5919363498687744,-236.0,0.38749998807907104,7.0,True,0.6677049398422241,-179.0,0.30000001192092896,-2.0,True
63,1675347065.3986595,1514.0,False,-0.5446966886520386,-152.0,0.2874999940395355,7.0,True,0.6232947111129761,-275.0,0.1875,-2.0,True
64,1675347065.4493687,1520.0,False,-0.4903378486633301,-184.0,0.512499988079071,7.0,True,0.569092333316803,-319.0,0.2750000059604645,-2.0,True
65,1675347065.5003712,1528.0,False,-0.4421463906764984,-154.0,0.5249999761581421,7.0,True,0.5272377133369446,-386.0,-0.012500000186264515,-2.0,True
66,1675347065.5506394,1532.0,False,-0.3763524889945984,-161.0,0.44999998807907104,7.0,True,0.46366041898727417,-429.0,0.08749999850988388,-2.0,True
67,1675347065.600942,1541.0,False,-0.3580329418182373,-123.0,0.23749999701976776,7.0,True,0.44564077258110046,-434.0,-0.17499999701976776,-2.0,True
68,1675347065.651246,1545.0,False,-0.2890315055847168,51.0,0.17499999701976776,7.0,True,0.37537458539009094,-519.0,0.03750000149011612,-2.0,True
69,1675347065.7015936,1553.0,False,-0.22889648377895355,187.0,0.03750000149011612,7.0,True,0.3170258700847626,-626.0,-0.02500000037252903,-2.0,True
70,1675347065.7518992,1558.0,False,-0.1837039291858673,282.0,0.42500001192092896,7.0,True,0.272667795419693,-691.0,-0.02500000037252903,-2.0,True
71,1675347065.8022656,1565.0,False,-0.15071572363376617,245.0,0.3499999940395355,-2.0,True,0.2405792623758316,-673.0,0.22499999403953552,7.0,True
72,1675347065.8525732,1559.0,False,-0.14689534902572632,199.0,0.08749999850988388,-2.0,True,0.25201430916786194,-739.0,0.5,7.0,True
73,1675347065.9028625,1554.0,False,-0.18499477207660675,45.0,0.125,-2.0,True,0.29969727993011475,-684.0,0.42500001192092896,7.0,True
74,1675347065.953213,1546.0,False,-0.2224813848733902,-124.0,0.07500000298023224,-2.0,True,0.33478474617004395,-595.0,0.574999988079071,7.0,True
75,1675347066.0036483,1537.0,False,-0.28914886713027954,-340.0,0.125,-2.0,True,0.38459303975105286,-417.0,0.22499999403953552,7.0,True
76,1675347066.0539165,1529.0,False,-0.335123747587204,-499.0,0.125,-2.0,True,0.42155808210372925,-316.0,0.2874999940395355,7.0,True
77,1675347066.1041274,1520.0,False,-0.4027821719646454,-629.0,0.30000001192092896,-2.0,True,0.4809759855270386,-171.0,0.0625,7.0,True
78,1675347066.154413,1511.0,False,-0.4415726661682129,-638.0,0.07500000298023224,-2.0,True,0.5183321833610535,-127.0,0.07500000298023224,7.0,True
79,1675347066.2048943,1505.0,False,-0.5114607214927673,-649.0,0.125,-2.0,True,0.5879595279693604,-49.0,0.512499988079071,7.0,True
80,1675347066.2550843,1497.0,False,-0.5636812448501587,-694.0,0.0625,-2.0,True,0.6392542123794556,6.0,0.3499999940395355,7.0,True
81,1675347066.305658,1492.0,False,-0.6277018189430237,-722.0,-0.11249999701976776,-2.0,True,0.7022969126701355,131.0,0.612500011920929,7.0,True
82,1675347066.355686,1483.0,False,-0.6461647748947144,-685.0,-0.125,-2.0,True,0.7173436880111694,144.0,0.4000000059604645,7.0,True
83,1675347066.4061246,1476.0,False,-0.7334075570106506,-632.0,0.25,-2.0,True,0.8008312582969666,152.0,0.03750000149011612,7.0,True
84,1675347066.4563913,1468.0,False,-0.7905566692352295,-514.0,0.13750000298023224,-2.0,True,0.8567286729812622,16.0,0.11249999701976776,7.0,True
85,1675347066.5066743,1466.0,False,-0.8322548270225525,-605.0,0.3125,7.0,True,0.9023123979568481,-81.0,0.16249999403953552,-2.0,True
86,1675347066.5569315,1478.0,False,-0.8128921985626221,-437.0,0.15000000596046448,7.0,True,0.895623505115509,-70.0,0.2874999940395355,-2.0,True
87,1675347066.6070879,1482.0,False,-0.7619755864143372,-403.0,0.32499998807907104,7.0,True,0.8599362373352051,-15.0,0.17499999701976776,-2.0,True
88,1675347066.6574717,1488.0,False,-0.7328077554702759,-421.0,0.5249999761581421,7.0,True,0.8301164507865906,37.0,0.23749999701976776,-2.0,True
89,1675347066.7077653,1494.0,False,-0.681108832359314,-401.0,0.5249999761581421,7.0,True,0.7711288332939148,68.0,0.0,-2.0,True
90,1675347066.758023,1501.0,False,-0.6501546502113342,-377.0,0.5,7.0,True,0.7376060485839844,56.0,0.0,-2.0,True
91,1675347066.8082387,1505.0,False,-0.5825223326683044,-296.0,0.11249999701976776,7.0,True,0.6651362776756287,-101.0,0.07500000298023224,-2.0,True
92,1675347066.8585408,1512.0,False,-0.5339005589485168,-226.0,0.1875,7.0,True,0.6148325204849243,-229.0,0.15000000596046448,-2.0,True
93,1675347066.9087324,1520.0,False,-0.47969818115234375,-221.0,0.3125,7.0,True,0.5655196905136108,-299.0,0.07500000298023224,-2.0,True
94,1675347066.958989,1525.0,False,-0.44226372241973877,-189.0,0.36250001192092896,7.0,True,0.5282547473907471,-370.0,0.15000000596046448,-2.0,True
95,1675347067.0091994,1532.0,False,-0.3708501160144806,-174.0,0.574999988079071,7.0,True,0.46133953332901,-442.0,0.20000000298023224,-2.0,True
96,1675347067.059549,1539.0,False,-0.33243775367736816,-92.0,0.36250001192092896,7.0,True,0.42346176505088806,-486.0,0.21250000596046448,-2.0,True
97,1675347067.1098108,1545.0,False,-0.2821339964866638,34.0,0.4000000059604645,7.0,True,0.3715672492980957,-541.0,0.0,-2.0,True
98,1675347067.1601553,1551.0,False,-0.244516983628273,118.0,0.4375,7.0,True,0.3356844186782837,-614.0,0.23749999701976776,-2.0,True
99,1675347067.2105112,1559.0,False,-0.17539820075035095,274.0,0.22499999403953552,7.0,True,0.26531389355659485,-710.0,0.10000000149011612,-2.0,True
100,1675347067.2607715,1566.0,False,-0.1346779763698578,224.0,0.1875,7.0,True,0.22733181715011597,-684.0,0.1875,-2.0,True
101,1675347067.310928,1573.0,False,-0.08562593162059784,149.0,0.25,7.0,True,0.17727579176425934,-600.0,0.16249999403953552,-2.0,True
102,1675347067.3615777,1578.0,False,-0.04467099532485008,50.0,0.2874999940395355,7.0,True,0.13926763832569122,-466.0,0.30000001192092896,-2.0,True
103,1675347067.4118233,1585.0,False,0.02489110641181469,-113.0,0.4375,7.0,True,0.06898839771747589,-259.0,0.17499999701976776,-2.0,True
104,1675347067.4621696,1591.0,False,0.06541576236486435,-185.0,0.4625000059604645,7.0,True,0.030719459056854248,-150.0,0.13750000298023224,-2.0,True
105,1675347067.5124557,1599.0,False,0.11553698033094406,-319.0,0.23749999701976776,7.0,True,-0.019466957077383995,-98.0,0.0625,-2.0,True
106,1675347067.5628726,1605.0,False,0.1531670093536377,-317.0,0.3125,7.0,True,-0.05727953463792801,-73.0,-0.1875,-2.0,True
107,1675347067.6134264,1611.0,False,0.22005616128444672,-439.0,0.3499999940395355,7.0,True,-0.12441641837358475,-137.0,-0.08749999850988388,-2.0,True
108,1675347067.6637328,1617.0,False,0.24602949619293213,-402.0,0.07500000298023224,-2.0,True,-0.150272399187088,-482.0,-0.05000000074505806,7.0,True
109,1675347067.713958,1609.0,False,0.22746221721172333,-533.0,0.125,-2.0,True,-0.11839248239994049,-165.0,0.012500000186264515,7.0,True
110,1675347067.7643707,1597.0,False,0.19897238910198212,-593.0,-0.0625,-2.0,True,-0.08419165760278702,-111.0,0.23749999701976776,7.0,True
111,1675347067.8147824,1592.0,False,0.13299596309661865,-637.0,0.0,-2.0,True,-0.02249196358025074,-43.0,0.48750001192092896,7.0,True
112,1675347067.8650105,1585.0,False,0.0899939313530922,-620.0,0.13750000298023224,-2.0,True,0.015881283208727837,-76.0,0.4749999940395355,7.0,True
113,1675347067.9154382,1578.0,False,0.018541201949119568,-523.0,0.02500000037252903,-2.0,True,0.07482978701591492,-153.0,0.4375,7.0,True
114,1675347067.965714,1568.0,False,-0.027120744809508324,-480.0,0.1875,-2.0,True,0.11843159794807434,-262.0,0.4000000059604645,7.0,True
115,1675347068.0159838,1561.0,False,-0.09893856197595596,-354.0,0.012500000186264515,-2.0,True,0.18489046394824982,-410.0,0.17499999701976776,7.0,True
116,1675347068.066252,1553.0,False,-0.14362260699272156,-355.0,0.30000001192092896,-2.0,True,0.23180413246154785,-474.0,0.08749999850988388,7.0,True
117,1675347068.1165938,1546.0,False,-0.2139931172132492,-464.0,0.20000000298023224,-2.0,True,0.2994234561920166,-444.0,0.32499998807907104,7.0,True
118,1675347068.1668687,1538.0,False,-0.258507639169693,-505.0,0.17499999701976776,-2.0,True,0.34548962116241455,-325.0,0.22499999403953552,7.0,True
119,1675347068.2173166,1531.0,False,-0.32928234338760376,-631.0,0.05000000074505806,-2.0,True,0.4114660322666168,-188.0,0.375,7.0,True
120,1675347068.2676055,1522.0,False,-0.37465745210647583,-711.0,-0.05000000074505806,-2.0,True,0.45429855585098267,-114.0,0.4625000059604645,7.0,True
121,1675347068.3178926,1516.0,False,-0.4453539252281189,-677.0,0.2750000059604645,-2.0,True,0.5228697061538696,-45.0,0.512499988079071,7.0,True
122,1675347068.3682842,1508.0,False,-0.48874711990356445,-705.0,0.10000000149011612,0.0,True,0.5537325739860535,6.0,0.23749999701976776,0.0,True
123,1675347068.418514,1506.0,False,-0.5375514030456543,-502.0,0.15000000596046448,-2.0,True,0.5615950226783752,26.0,-0.012500000186264515,7.0,True
124,1675347068.4689295,1498.0,False,-0.5674363970756531,-553.0,0.22499999403953552,-2.0,True,0.5950656533241272,47.0,0.11249999701976776,7.0,True
125,1675347068.519257,1493.0,False,-0.6183008551597595,-609.0,0.13750000298023224,-2.0,True,0.6815651655197144,121.0,0.2750000059604645,7.0,True
126,1675347068.5697021,1487.0,False,-0.6347949504852295,-610.0,0.05000000074505806,-2.0,True,0.7033661007881165,165.0,0.20000000298023224,7.0,True
127,1675347068.6200151,1480.0,False,-0.7102636098861694,-596.0,0.22499999403953552,-2.0,True,0.7882096767425537,124.0,0.4000000059604645,7.0,True
128,1675347068.6702974,1474.0,False,-0.7525224685668945,-548.0,0.16249999403953552,-2.0,True,0.8280432820320129,92.0,0.5375000238418579,7.0,True
129,1675347068.7206209,1467.0,False,-0.8091500401496887,-523.0,0.3499999940395355,7.0,True,0.8791033029556274,-28.0,0.10000000149011612,-2.0,True
130,1675347068.7708578,1479.0,False,-0.7893180251121521,-428.0,0.15000000596046448,7.0,True,0.8716320395469666,-29.0,0.26249998807907104,-2.0,True
131,1675347068.8210397,1486.0,False,-0.7397313714027405,-413.0,0.15000000596046448,7.0,True,0.8377832770347595,35.0,0.07500000298023224,-2.0,True
132,1675347068.8714502,1490.0,False,-0.6947605013847351,-403.0,0.3125,7.0,True,0.7900481820106506,79.0,0.07500000298023224,-2.0,True
133,1675347068.921847,1496.0,False,-0.6867285370826721,-396.0,0.02500000037252903,7.0,True,0.7808688282966614,63.0,0.02500000037252903,-2.0,True
134,1675347068.9722652,1501.0,False,-0.6154844760894775,-316.0,0.08749999850988388,-2.0,True,0.7010060548782349,-13.0,0.5375000238418579,7.0,True
135,1675347069.0225053,1498.0,False,-0.6197611689567566,-358.0,-0.07500000298023224,-2.0,True,0.7128974795341492,-5.0,0.22499999403953552,7.0,True
136,1675347069.0728593,1487.0,False,-0.6359162926673889,-425.0,0.03750000149011612,-2.0,True,0.7369540929794312,23.0,0.25,7.0,True
137,1675347069.1231668,1481.0,False,-0.6896101236343384,-574.0,0.38749998807907104,-2.0,True,0.7883531451225281,36.0,0.48750001192092896,7.0,True
138,1675347069.1734676,1476.0,False,-0.7559646964073181,-560.0,0.21250000596046448,-2.0,True,0.8398434519767761,9.0,0.36250001192092896,7.0,True
139,1675347069.2237613,1469.0,False,-0.7825899720191956,-537.0,0.08749999850988388,-2.0,True,0.8612661957740784,-21.0,0.11249999701976776,7.0,True
140,1675347069.2740712,1463.0,False,-0.8649040460586548,-422.0,0.03750000149011612,0.0,True,0.9348312020301819,-178.0,0.20000000298023224,0.0,True
141,1675347069.324291,1455.0,False,-0.8986223936080933,-352.0,-0.03750000149011612,0.0,True,0.9516512751579285,-201.0,0.21250000596046448,0.0,True
142,1675347069.3746417,1450.0,False,-0.9462923407554626,-370.0,0.17499999701976776,0.0,True,0.9487436413764954,-190.0,-0.012500000186264515,0.0,True
143,1675347069.4249232,1449.0,False,-0.9617955088615417,-326.0,0.03750000149011612,7.0,True,0.948782742023468,-209.0,0.07500000298023224,-2.0,True
144,1675347069.4753542,1462.0,False,-0.9343748688697815,-155.0,0.48750001192092896,7.0,True,0.9439584016799927,-181.0,0.07500000298023224,-2.0,True
145,1675347069.5256624,1472.0,False,-0.8502874970436096,-27.0,0.375,7.0,True,0.9220662117004395,-158.0,0.13750000298023224,-2.0,True
146,1675347069.5759592,1477.0,False,-0.8067770004272461,-70.0,0.15000000596046448,-2.0,True,0.9027166366577148,-499.0,0.30000001192092896,7.0,True
147,1675347069.626212,1472.0,False,-0.8171297907829285,-156.0,0.10000000149011612,-2.0,True,0.9208536148071289,-209.0,0.17499999701976776,7.0,True
148,1675347069.6770062,1465.0,False,-0.865190863609314,-299.0,0.11249999701976776,-2.0,True,0.963607907295227,-281.0,0.11249999701976776,7.0,True
149,1675347069.7270312,1460.0,False,-0.8922594785690308,-339.0,0.0625,-2.0,True,0.9846264719963074,-315.0,0.13750000298023224,7.0,True
150,1675347069.7772017,1453.0,False,-0.9533202648162842,-558.0,-0.15000000596046448,7.0,True,1.0306665897369385,-350.0,0.03750000149011612,-2.0,True
151,1675347069.8275425,1462.0,False,-0.9487566947937012,-546.0,0.375,7.0,True,1.0313706398010254,-339.0,-0.16249999403953552,-2.0,True
152,1675347069.8778317,1467.0,False,-0.8948802947998047,-227.0,0.5625,7.0,True,0.9933494329452515,-361.0,0.23749999701976776,-2.0,True
153,1675347069.928209,1471.0,False,-0.8701586723327637,-183.0,0.4124999940395355,7.0,True,0.9683670997619629,-352.0,0.22499999403953552,-2.0,True
154,1675347069.9785676,1475.0,False,-0.8174036145210266,-140.0,0.125,7.0,True,0.9083754420280457,-233.0,0.17499999701976776,-2.0,True
155,1675347070.0290165,1482.0,False,-0.7917823195457458,-155.0,0.125,7.0,True,0.879233717918396,-167.0,0.25,-2.0,True
156,1675347070.079405,1487.0,False,-0.757438063621521,-215.0,0.08749999850988388,7.0,True,0.8419166207313538,-98.0,0.03750000149011612,-2.0,True
157,1675347070.1297073,1492.0,False,-0.6877455711364746,-240.0,0.21250000596046448,-2.0,True,0.7706725001335144,-21.0,0.13750000298023224,7.0,True
158,1675347070.17996,1496.0,False,-0.6609899401664734,-270.0,0.012500000186264515,-2.0,True,0.7505796551704407,-89.0,0.3375000059604645,7.0,True
159,1675347070.230276,1483.0,False,-0.6914486289024353,-384.0,0.0,-2.0,True,0.7932296395301819,-53.0,0.36250001192092896,7.0,True
160,1675347070.2807865,1481.0,False,-0.7281659245491028,-487.0,0.11249999701976776,0.0,True,0.8285778760910034,-83.0,0.4375,0.0,True
161,1675347070.3310506,1475.0,False,-0.7754707932472229,-376.0,0.012500000186264515,0.0,True,0.8346800208091736,313.0,-0.125,0.0,True
162,1675347070.3814626,1470.0,False,-0.8109754920005798,-270.0,0.25,-2.0,True,0.8430379629135132,-73.0,0.4124999940395355,7.0,True
163,1675347070.4316337,1464.0,False,-0.8375877141952515,-288.0,0.17499999701976776,-2.0,True,0.8805375695228577,-143.0,0.20000000298023224,7.0,True
164,1675347070.4819613,1459.0,False,-0.8771605491638184,-348.0,0.07500000298023224,-2.0,True,0.9470486044883728,-286.0,0.125,7.0,True
165,1675347070.5321834,1457.0,False,-0.9010476469993591,-375.0,0.0,-2.0,True,0.9797369241714478,-342.0,0.07500000298023224,7.0,True
166,1675347070.5826337,1455.0,False,-0.9463184475898743,-603.0,0.25,7.0,True,1.034017562866211,-257.0,0.15000000596046448,-2.0,True
167,1675347070.6329215,1465.0,False,-0.9131476879119873,-378.0,0.4625000059604645,7.0,True,1.0114343166351318,-353.0,0.07500000298023224,-2.0,True
168,1675347070.6831985,1468.0,False,-0.8798726201057434,-235.0,0.5625,7.0,True,0.9797890782356262,-337.0,0.20000000298023224,-2.0,True
169,1675347070.7334182,1473.0,False,-0.8512523770332336,-196.0,0.512499988079071,7.0,True,0.945288360118866,-292.0,0.1875,-2.0,True
170,1675347070.7837675,1477.0,False,-0.8154086470603943,-183.0,0.2750000059604645,7.0,True,0.9054026007652283,-226.0,-0.02500000037252903,-2.0,True
171,1675347070.8339698,1484.0,False,-0.7545695304870605,-234.0,0.16249999403953552,7.0,True,0.8384352326393127,-105.0,0.012500000186264515,-2.0,True
172,1675347070.8843179,1488.0,False,-0.7078253626823425,-258.0,0.23749999701976776,7.0,True,0.7908435463905334,-43.0,0.13750000298023224,-2.0,True
173,1675347070.9347043,1496.0,False,-0.668109118938446,-259.0,0.30000001192092896,7.0,True,0.7514662742614746,-67.0,0.08749999850988388,-2.0,True
174,1675347070.984967,1501.0,False,-0.6137242317199707,-256.0,0.1875,7.0,True,0.6980071663856506,-107.0,0.15000000596046448,-2.0,True
175,1675347071.035263,1509.0,False,-0.5691966414451599,-244.0,0.550000011920929,7.0,True,0.6521235108375549,-228.0,0.17499999701976776,-2.0,True
176,1675347071.0858824,1514.0,False,-0.5180583596229553,-178.0,0.512499988079071,7.0,True,0.603905975818634,-294.0,0.3125,-2.0,True
177,1675347071.1360626,1521.0,False,-0.476425439119339,-196.0,0.36250001192092896,7.0,True,0.5639028549194336,-354.0,0.4000000059604645,-2.0,True
178,1675347071.1863658,1528.0,False,-0.4104359745979309,-193.0,0.1875,7.0,True,0.5004038214683533,-436.0,0.30000001192092896,-2.0,True
179,1675347071.2366178,1535.0,False,-0.35554254055023193,-109.0,0.05000000074505806,7.0,True,0.44680124521255493,-453.0,0.22499999403953552,-2.0,True
180,1675347071.2870262,1541.0,False,-0.3128925561904907,-20.0,0.17499999701976776,0.0,True,0.40488144755363464,-523.0,0.10000000149011612,0.0,True
181,1675347071.337372,1545.0,False,-0.29364725947380066,284.0,0.11249999701976776,0.0,True,0.35365191102027893,-575.0,0.08749999850988388,0.0,True
182,1675347071.387621,1545.0,False,-0.2984064221382141,65.0,0.08749999850988388,0.0,True,0.32479700446128845,-605.0,0.012500000186264515,0.0,True
183,1675347071.4379501,1546.0,False,-0.28725823760032654,161.0,0.5625,7.0,True,0.3071945905685425,-647.0,0.15000000596046448,-2.0,True
184,1675347071.4883068,1552.0,False,-0.2444387525320053,224.0,0.44999998807907104,7.0,True,0.2930735647678375,-670.0,0.21250000596046448,-2.0,True
185,1675347071.538603,1557.0,False,-0.18226966261863708,313.0,0.3499999940395355,7.0,True,0.2691212296485901,-727.0,0.3499999940395355,-2.0,True
186,1675347071.5888019,1564.0,False,-0.13440415263175964,248.0,0.38749998807907104,7.0,True,0.2400185912847519,-706.0,0.17499999701976776,-2.0,True
187,1675347071.6391346,1569.0,False,-0.09223660826683044,161.0,-0.012500000186264515,7.0,True,0.2010064423084259,-681.0,0.22499999403953552,-2.0,True
188,1675347071.6894,1574.0,False,-0.0749732106924057,123.0,0.125,7.0,True,0.18434283137321472,-630.0,0.30000001192092896,-2.0,True
189,1675347071.7396715,1582.0,False,-0.00040420342702418566,-56.0,0.3375000059604645,7.0,True,0.0980258509516716,-362.0,0.03750000149011612,-2.0,True
190,1675347071.7898488,1588.0,False,0.008814241737127304,-86.0,0.125,7.0,True,0.08769910037517548,-307.0,-0.07500000298023224,-2.0,True
191,1675347071.84021,1595.0,False,0.07439950853586197,-205.0,0.42500001192092896,7.0,True,0.019884200766682625,-149.0,0.0,-2.0,True
192,1675347071.8904305,1601.0,False,0.1342998445034027,-323.0,0.36250001192092896,7.0,True,-0.04015956446528435,-102.0,0.05000000074505806,-2.0,True
193,1675347071.9407623,1607.0,False,0.18846310675144196,-339.0,0.42500001192092896,7.0,True,-0.09313628822565079,-123.0,0.375,-2.0,True
194,1675347071.9910676,1614.0,False,0.2103683203458786,-403.0,0.32499998807907104,7.0,True,-0.11474161595106125,-118.0,0.03750000149011612,-2.0,True
195,1675347072.0412571,1622.0,False,0.2812603712081909,-427.0,0.1875,7.0,True,-0.18824143707752228,-261.0,0.10000000149011612,-2.0,True
196,1675347072.0915892,1628.0,False,0.3210418224334717,-398.0,0.125,7.0,True,-0.2300308644771576,-390.0,0.0625,-2.0,True
197,1675347072.1419296,1636.0,False,0.3650347888469696,-304.0,0.21250000596046448,-2.0,True,-0.27579712867736816,-476.0,0.0,7.0,True
198,1675347072.192145,1636.0,False,0.3895217180252075,-184.0,-0.23749999701976776,-2.0,True,-0.2998276650905609,-666.0,0.3125,7.0,True
199,1675347072.2424314,1623.0,False,0.36493048071861267,-420.0,0.16249999403953552,-2.0,True,-0.2556651830673218,-413.0,0.44999998807907104,7.0,True
200,1675347072.292737,1618.0,False,0.31967273354530334,-623.0,0.15000000596046448,0.0,True,-0.20684783160686493,-268.0,0.5,0.0,True
201,1675347072.3429248,1610.0,False,0.27123352885246277,-748.0,0.1875,0.0,True,-0.18107008934020996,-122.0,0.012500000186264515,0.0,True
202,1675347072.3931644,1606.0,False,0.22557158768177032,-744.0,-0.02500000037252903,0.0,True,-0.18529467284679413,-120.0,0.0625,0.0,True
203,1675347072.4435232,1602.0,False,0.17133009433746338,-558.0,-0.03750000149011612,-2.0,True,-0.17524173855781555,-80.0,0.13750000298023224,7.0,True
204,1675347072.4938662,1599.0,False,0.1518240123987198,-533.0,-0.03750000149011612,-2.0,True,-0.13784641027450562,38.0,0.125,7.0,True
205,1675347072.5442014,1591.0,False,0.12778043746948242,-549.0,0.0625,-2.0,True,-0.08141439408063889,56.0,0.26249998807907104,7.0,True
206,1675347072.5946739,1585.0,False,0.08438724279403687,-551.0,0.20000000298023224,-2.0,True,0.0038594906218349934,54.0,0.125,7.0,True
207,1675347072.6449375,1578.0,False,0.05564968287944794,-520.0,0.21250000596046448,-2.0,True,0.04791766405105591,-46.0,0.5375000238418579,7.0,True
208,1675347072.695447,1573.0,False,0.024565136060118675,-485.0,0.1875,-2.0,True,0.08077549189329147,-116.0,0.625,7.0,True
209,1675347072.7458348,1564.0,False,-0.04679632559418678,-376.0,0.11249999701976776,-2.0,True,0.1453046053647995,-310.0,0.11249999701976776,7.0,True
210,1675347072.796031,1555.0,False,-0.11025626212358475,-266.0,0.15000000596046448,-2.0,True,0.19835956394672394,-420.0,0.25,7.0,True
211,1675347072.846354,1549.0,False,-0.19091439247131348,-260.0,0.11249999701976776,-2.0,True,0.26996877789497375,-461.0,0.1875,7.0,True
212,1675347072.8967001,1541.0,False,-0.22907902300357819,-352.0,0.13750000298023224,-2.0,True,0.30907219648361206,-421.0,0.0,7.0,True
213,1675347072.94703,1534.0,False,-0.3089678883552551,-490.0,0.16249999403953552,-2.0,True,0.38576653599739075,-254.0,0.32499998807907104,7.0,True
214,1675347072.997362,1524.0,False,-0.3206636905670166,-489.0,-0.012500000186264515,-2.0,True,0.39962679147720337,-231.0,0.2874999940395355,7.0,True
215,1675347073.0477974,1518.0,False,-0.42352694272994995,-571.0,0.2750000059604645,-2.0,True,0.4989434778690338,-80.0,0.4625000059604645,7.0,True
216,1675347073.098129,1510.0,False,-0.4537118077278137,-569.0,0.125,-2.0,True,0.5309929251670837,-52.0,0.637499988079071,7.0,True
217,1675347073.1483667,1504.0,False,-0.5252819061279297,-573.0,0.2750000059604645,7.0,True,0.598964273929596,-10.0,0.6000000238418579,-2.0,True
218,1675347073.198646,1508.0,False,-0.5343177914619446,-608.0,0.25,7.0,True,0.6154323220252991,259.0,0.22499999403953552,-2.0,True
219,1675347073.2489996,1516.0,False,-0.4881342947483063,-522.0,0.17499999701976776,7.0,True,0.5901891589164734,-35.0,0.08749999850988388,-2.0,True
220,1675347073.2992392,1523.0,False,-0.45531558990478516,-415.0,0.125,0.0,True,0.5624164342880249,-113.0,0.125,0.0,True
221,1675347073.3494623,1526.0,False,-0.4314936697483063,-74.0,0.11249999701976776,0.0,True,0.5097004771232605,-187.0,0.15000000596046448,0.0,True
222,1675347073.3997264,1528.0,False,-0.44065994024276733,-316.0,0.11249999701976776,0.0,True,0.4769991338253021,-207.0,0.1875,0.0,True
223,1675347073.4500391,1527.0,False,-0.44226372241973877,-426.0,0.5375000238418579,7.0,True,0.4657596945762634,-224.0,-0.07500000298023224,-2.0,True
224,1675347073.5002027,1531.0,False,-0.40188249945640564,-239.0,0.574999988079071,7.0,True,0.45152127742767334,-255.0,-0.012500000186264515,-2.0,True
225,1675347073.5511463,1535.0,False,-0.3500010371208191,-168.0,0.23749999701976776,7.0,True,0.43193697929382324,-309.0,0.2750000059604645,-2.0,True
226,1675347073.6015413,1542.0,False,-0.3166477382183075,-90.0,0.20000000298023224,7.0,True,0.41275689005851746,-373.0,0.3499999940395355,-2.0,True
227,1675347073.6517613,1549.0,False,-0.2502671182155609,77.0,-0.02500000037252903,7.0,True,0.35525569319725037,-478.0,0.16249999403953552,-2.0,True
228,1675347073.7020025,1553.0,False,-0.24536451697349548,76.0,0.23749999701976776,-2.0,True,0.3516439199447632,-491.0,0.0625,7.0,True
229,1675347073.7522542,1550.0,False,-0.21237629652023315,171.0,-0.20000000298023224,-2.0,True,0.32165464758872986,-624.0,0.1875,7.0,True
230,1675347073.802525,1544.0,False,-0.24635545909404755,-75.0,0.22499999403953552,-2.0,True,0.36249223351478577,-520.0,0.2750000059604645,7.0,True
231,1675347073.8527598,1535.0,False,-0.2936211824417114,-287.0,0.25,-2.0,True,0.4039165675640106,-401.0,0.3499999940395355,7.0,True
232,1675347073.9029968,1527.0,False,-0.3588022291660309,-519.0,0.13750000298023224,-2.0,True,0.45467668771743774,-238.0,0.5,7.0,True
233,1675347073.9533083,1518.0,False,-0.40533778071403503,-632.0,0.20000000298023224,-2.0,True,0.4923849403858185,-155.0,0.26249998807907104,7.0,True
234,1675347074.0036001,1512.0,False,-0.4587187170982361,-644.0,-0.17499999701976776,-2.0,True,0.5376948714256287,-65.0,0.4124999940395355,7.0,True
235,1675347074.0539134,1506.0,False,-0.5248255133628845,-656.0,0.0,-2.0,True,0.6032018661499023,12.0,0.13750000298023224,7.0,True
236,1675347074.1043587,1497.0,False,-0.5497166514396667,-674.0,0.11249999701976776,-2.0,True,0.6254200339317322,19.0,0.11249999701976776,7.0,True
237,1675347074.1546295,1489.0,False,-0.6269195079803467,-737.0,0.05000000074505806,-2.0,True,0.6998847126960754,146.0,0.125,7.0,True
238,1675347074.2049298,1483.0,False,-0.684303343296051,-662.0,0.08749999850988388,7.0,True,0.7546868920326233,137.0,0.48750001192092896,-2.0,True
239,1675347074.2552423,1481.0,False,-0.7017492651939392,-663.0,0.5249999761581421,7.0,True,0.7820162773132324,125.0,-0.03750000149011612,-2.0,True
240,1675347074.30554,1496.0,False,-0.6726335883140564,-580.0,0.550000011920929,7.0,True,0.7673215270042419,151.0,-0.10000000149011612,-2.0,True
241,1675347074.3558817,1498.0,False,-0.6433614492416382,-482.0,-0.05000000074505806,0.0,True,0.7363542914390564,115.0,0.03750000149011612,0.0,True
242,1675347074.4063692,1499.0,False,-0.6486552357673645,-501.0,0.22499999403953552,0.0,True,0.7133538126945496,112.0,-0.012500000186264515,0.0,True
243,1675347074.4565547,1498.0,False,-0.6571174263954163,-483.0,0.125,7.0,True,0.6921787858009338,101.0,0.125,-2.0,True
244,1675347074.5068622,1503.0,False,-0.6253939270973206,-404.0,0.21250000596046448,7.0,True,0.6744720935821533,36.0,0.26249998807907104,-2.0,True
245,1675347074.5571423,1508.0,False,-0.561425507068634,-342.0,0.3125,7.0,True,0.647273063659668,-64.0,0.125,-2.0,True
246,1675347074.6074166,1515.0,False,-0.5240693092346191,-284.0,0.5249999761581421,7.0,True,0.6226036548614502,-143.0,0.13750000298023224,-2.0,True
247,1675347074.6577852,1520.0,False,-0.478655070066452,-263.0,0.5375000238418579,7.0,True,0.5822354555130005,-226.0,0.012500000186264515,-2.0,True
248,1675347074.708187,1527.0,False,-0.4562022387981415,-253.0,0.4749999940395355,7.0,True,0.5564968585968018,-273.0,-0.10000000149011612,-2.0,True
249,1675347074.7586071,1530.0,False,-0.39875319600105286,-205.0,0.3499999940395355,7.0,True,0.4934932589530945,-378.0,0.08749999850988388,-2.0,True
250,1675347074.8088915,1538.0,False,-0.33448484539985657,-96.0,0.1875,7.0,True,0.4249090552330017,-444.0,0.012500000186264515,-2.0,True
251,1675347074.859187,1543.0,False,-0.2866975665092468,49.0,0.13750000298023224,7.0,True,0.3753224313259125,-524.0,0.20000000298023224,-2.0,True
252,1675347074.9096224,1551.0,False,-0.23696750402450562,173.0,0.012500000186264515,7.0,True,0.32809582352638245,-623.0,0.36250001192092896,-2.0,True
253,1675347074.9598095,1557.0,False,-0.19837260246276855,291.0,0.22499999403953552,7.0,True,0.2886534035205841,-691.0,-0.012500000186264515,-2.0,True
254,1675347075.0102143,1563.0,False,-0.1375856250524521,261.0,0.44999998807907104,7.0,True,0.23162159323692322,-696.0,0.08749999850988388,-2.0,True
255,1675347075.0605123,1569.0,False,-0.08888563513755798,187.0,0.625,7.0,True,0.18396471440792084,-611.0,0.07500000298023224,-2.0,True
256,1675347075.1107695,1577.0,False,-0.040316030383110046,55.0,0.36250001192092896,7.0,True,0.13432592153549194,-459.0,0.20000000298023224,-2.0,True
257,1675347075.1610334,1583.0,False,0.00037812578375451267,-44.0,0.4000000059604645,7.0,True,0.09643511474132538,-342.0,0.11249999701976776,-2.0,True
258,1675347075.21135,1591.0,False,0.04281948506832123,-121.0,0.20000000298023224,7.0,True,0.05244213342666626,-212.0,0.23749999701976776,-2.0,True
259,1675347075.2618005,1599.0,False,0.09312324970960617,-230.0,0.15000000596046448,7.0,True,0.0025556087493896484,-128.0,0.1875,-2.0,True
260,1675347075.3119593,1603.0,False,0.1586042046546936,-294.0,0.125,7.0,True,-0.06304269284009933,-125.0,0.125,-2.0,True
261,1675347075.3622074,1610.0,False,0.19843779504299164,-379.0,0.32499998807907104,0.0,True,-0.09989039599895477,-142.0,0.05000000074505806,0.0,True
262,1675347075.412724,1616.0,False,0.2444257140159607,-419.0,0.125,0.0,True,-0.14989426732063293,-211.0,-0.012500000186264515,0.0,True
263,1675347075.4629314,1617.0,False,0.23941880464553833,-416.0,0.10000000149011612,-2.0,True,-0.1752026230096817,-297.0,0.3125,7.0,True
264,1675347075.5133243,1611.0,False,0.21590982377529144,-488.0,0.20000000298023224,-2.0,True,-0.13433896005153656,-158.0,0.550000011920929,7.0,True
265,1675347075.5636892,1598.0,False,0.19019725918769836,-526.0,0.11249999701976776,-2.0,True,-0.09097184240818024,-112.0,0.20000000298023224,7.0,True
266,1675347075.6140075,1594.0,False,0.15148501098155975,-586.0,0.08749999850988388,-2.0,True,-0.04129394143819809,-73.0,0.38749998807907104,7.0,True
267,1675347075.6643052,1585.0,False,0.11408967524766922,-638.0,-0.20000000298023224,7.0,True,-0.001473386655561626,-50.0,0.21250000596046448,-2.0,True
268,1675347075.7145648,1592.0,False,0.12067427486181259,-593.0,0.012500000186264515,7.0,True,0.0004302810411900282,-39.0,0.0625,-2.0,True
269,1675347075.7649496,1601.0,False,0.1486946940422058,-514.0,0.15000000596046448,-2.0,True,-0.02245284803211689,-49.0,-0.10000000149011612,7.0,True
270,1675347075.8152616,1598.0,False,0.14501775801181793,-543.0,0.26249998807907104,-2.0,True,-0.009974697604775429,-91.0,0.4749999940395355,7.0,True
271,1675347075.8655956,1589.0,False,0.10161152482032776,-675.0,0.7124999761581421,7.0,True,0.03219284489750862,-99.0,0.11249999701976776,-2.0,True
272,1675347075.9158952,1595.0,False,0.10781800001859665,-678.0,0.4375,7.0,True,0.03116277977824211,191.0,0.012500000186264515,-2.0,True
273,1675347075.9661243,1601.0,False,0.1464129090309143,-639.0,0.30000001192092896,7.0,True,-0.00714527303352952,-64.0,0.0625,-2.0,True
274,1675347076.016495,1604.0,False,0.1654495894908905,-566.0,0.23749999701976776,7.0,True,-0.030015362426638603,-62.0,0.0625,-2.0,True
275,1675347076.06663,1610.0,False,0.22132092714309692,-567.0,0.1875,-2.0,True,-0.10335872322320938,-111.0,0.0,7.0,True
276,1675347076.117015,1613.0,False,0.22930069267749786,-459.0,0.0625,-2.0,True,-0.11356811970472336,-391.0,-0.012500000186264515,7.0,True
277,1675347076.1672566,1602.0,False,0.1940045952796936,-635.0,0.20000000298023224,-2.0,True,-0.06316003948450089,-120.0,0.03750000149011612,7.0,True
278,1675347076.2183464,1595.0,False,0.17618052661418915,-669.0,0.13750000298023224,-2.0,True,-0.0466528981924057,-121.0,0.3375000059604645,7.0,True
279,1675347076.2688189,1587.0,False,0.10488426685333252,-729.0,0.0625,-2.0,True,0.014929448254406452,-101.0,0.5874999761581421,7.0,True
280,1675347076.3190885,1579.0,False,0.0729261189699173,-691.0,0.2874999940395355,-2.0,True,0.03858186677098274,-130.0,0.48750001192092896,7.0,True
281,1675347076.3693364,1574.0,False,0.008970707654953003,-611.0,0.11249999701976776,0.0,True,0.08596494048833847,-173.0,0.15000000596046448,0.0,True
282,1675347076.4197447,1569.0,False,-0.04057680815458298,-301.0,0.1875,0.0,True,0.08651257306337357,217.0,0.21250000596046448,0.0,True
283,1675347076.4700825,1568.0,False,-0.08459586650133133,-102.0,0.05000000074505806,-2.0,True,0.0896027684211731,-138.0,0.23749999701976776,7.0,True
284,1675347076.5203373,1560.0,False,-0.1176101565361023,-87.0,0.13750000298023224,-2.0,True,0.15467952191829681,-311.0,0.3125,7.0,True
285,1675347076.5706286,1555.0,False,-0.12913647294044495,-99.0,0.07500000298023224,-2.0,True,0.18391256034374237,-379.0,0.0625,7.0,True
286,1675347076.6209726,1550.0,False,-0.1641196310520172,-151.0,0.1875,-2.0,True,0.2543352246284485,-489.0,0.4124999940395355,7.0,True
287,1675347076.6713276,1545.0,False,-0.19916796684265137,-233.0,0.2874999940395355,-2.0,True,0.3043651580810547,-451.0,0.38749998807907104,7.0,True
288,1675347076.721498,1537.0,False,-0.27208104729652405,-387.0,0.08749999850988388,-2.0,True,0.3703155219554901,-297.0,0.4749999940395355,7.0,True
289,1675347076.7719631,1529.0,False,-0.3356322646141052,-474.0,0.10000000149011612,-2.0,True,0.4215189814567566,-201.0,0.30000001192092896,7.0,True
290,1675347076.8222477,1523.0,False,-0.3597540855407715,-518.0,0.13750000298023224,-2.0,True,0.4435676038265228,-129.0,0.11249999701976776,7.0,True
291,1675347076.872709,1515.0,False,-0.4408946633338928,-544.0,0.0625,-2.0,True,0.5147334933280945,-50.0,0.15000000596046448,7.0,True
292,1675347076.9229786,1507.0,False,-0.4918633997440338,-544.0,0.1875,-2.0,True,0.5672668814659119,-13.0,0.02500000037252903,7.0,True
293,1675347076.973152,1498.0,False,-0.5374992489814758,-531.0,0.32499998807907104,-2.0,True,0.6108295917510986,15.0,0.3499999940395355,7.0,True
294,1675347077.0235102,1492.0,False,-0.5854169130325317,-551.0,0.30000001192092896,-2.0,True,0.6584603786468506,66.0,0.20000000298023224,7.0,True
295,1675347077.0738442,1484.0,False,-0.677523136138916,-529.0,0.07500000298023224,-2.0,True,0.7468505501747131,153.0,0.36250001192092896,7.0,True
296,1675347077.1241307,1478.0,False,-0.7212684154510498,-503.0,0.21250000596046448,-2.0,True,0.7889789938926697,125.0,0.574999988079071,7.0,True
297,1675347077.1743224,1470.0,False,-0.7740495204925537,-383.0,0.13750000298023224,-2.0,True,0.840247631072998,39.0,0.11249999701976776,7.0,True
298,1675347077.2247322,1465.0,False,-0.8368575572967529,-321.0,-0.012500000186264515,-2.0,True,0.903590202331543,-119.0,0.23749999701976776,7.0,True
299,1675347077.2749312,1457.0,False,-0.9016082882881165,-303.0,0.10000000149011612,-2.0,True,0.9688364863395691,-305.0,0.21250000596046448,7.0,True
300,1675347077.3250911,1450.0,False,-0.9549501538276672,-453.0,0.22499999403953552,-2.0,True,1.02120041847229,-361.0,0.17499999701976776,7.0,True
301,1675347077.3753574,1444.0,False,-1.0085917711257935,-544.0,0.21250000596046448,-2.0,True,1.0746986865997314,-314.0,0.11249999701976776,7.0,True
302,1675347077.4261274,1437.0,False,-1.0485297441482544,-627.0,-0.012500000186264515,0.0,True,1.1099947690963745,-231.0,0.125,0.0,True
303,1675347077.4759386,1429.0,False,-1.0825871229171753,-663.0,0.20000000298023224,-2.0,True,1.1154841184616089,-163.0,0.08749999850988388,7.0,True
304,1675347077.5262527,1425.0,False,-1.1267105340957642,-658.0,0.512499988079071,7.0,True,1.1544570922851562,-63.0,0.07500000298023224,-2.0,True
305,1675347077.576685,1440.0,False,-1.083969235420227,-544.0,0.10000000149011612,7.0,True,1.1465425491333008,-128.0,0.08749999850988388,-2.0,True
306,1675347077.6269493,1446.0,False,-1.0254379510879517,-398.0,0.10000000149011612,7.0,True,1.1149364709854126,-264.0,0.26249998807907104,-2.0,True
307,1675347077.6772053,1453.0,False,-0.9865301251411438,-249.0,0.20000000298023224,7.0,True,1.0807225704193115,-368.0,0.0625,-2.0,True
308,1675347077.7275267,1459.0,False,-0.9559801816940308,-136.0,0.22499999403953552,7.0,True,1.0452700853347778,-428.0,0.13750000298023224,-2.0,True
309,1675347077.7777994,1465.0,False,-0.9073845148086548,82.0,0.375,7.0,True,0.9910416007041931,-442.0,0.08749999850988388,-2.0,True
310,1675347077.8280163,1471.0,False,-0.8621528148651123,92.0,0.4625000059604645,7.0,True,0.9394339323043823,-357.0,0.125,-2.0,True
311,1675347077.878286,1476.0,False,-0.835318922996521,63.0,0.48750001192092896,7.0,True,0.9137083292007446,-313.0,0.0,-2.0,True
312,1675347077.9285526,1483.0,False,-0.771480917930603,-65.0,0.48750001192092896,7.0,True,0.8511741757392883,-174.0,-0.03750000149011612,-2.0,True
313,1675347077.9788857,1488.0,False,-0.7163918614387512,-210.0,0.38749998807907104,7.0,True,0.7988232970237732,-80.0,-0.11249999701976776,-2.0,True
314,1675347078.029086,1497.0,False,-0.67374187707901,-265.0,0.0625,7.0,True,0.7556778192520142,-80.0,0.11249999701976776,-2.0,True
315,1675347078.0795813,1503.0,False,-0.6134895086288452,-279.0,0.20000000298023224,7.0,True,0.6977724432945251,-111.0,0.0625,-2.0,True
316,1675347078.1299589,1509.0,False,-0.568688154220581,-269.0,0.07500000298023224,7.0,True,0.6511586904525757,-212.0,0.03750000149011612,-2.0,True
317,1675347078.1803854,1515.0,False,-0.5440577864646912,-211.0,0.42500001192092896,-2.0,True,0.6269455552101135,-255.0,0.23749999701976776,7.0,True
318,1675347078.23057,1511.0,False,-0.5204836130142212,-241.0,0.22499999403953552,-2.0,True,0.6186007261276245,-333.0,0.2750000059604645,7.0,True
319,1675347078.2809682,1500.0,False,-0.5597174167633057,-432.0,-0.13750000298023224,-2.0,True,0.6653579473495483,-214.0,0.5375000238418579,7.0,True
320,1675347078.331135,1493.0,False,-0.5804882645606995,-478.0,0.15000000596046448,-2.0,True,0.6835601329803467,-159.0,0.550000011920929,7.0,True
321,1675347078.3814273,1487.0,False,-0.6519670486450195,-626.0,0.125,0.0,True,0.7401225566864014,-28.0,0.02500000037252903,0.0,True
322,1675347078.4317384,1483.0,False,-0.6791921257972717,-603.0,0.08749999850988388,-2.0,True,0.7498494982719421,-4.0,0.07500000298023224,7.0,True
323,1675347078.481995,1479.0,False,-0.731934130191803,-436.0,0.15000000596046448,-2.0,True,0.7645311951637268,38.0,0.20000000298023224,7.0,True
324,1675347078.5324814,1472.0,False,-0.7745059132575989,-366.0,0.11249999701976776,-2.0,True,0.8224626779556274,11.0,0.25,7.0,True
325,1675347078.5826828,1465.0,False,-0.8129834532737732,-357.0,0.07500000298023224,-2.0,True,0.8830801248550415,-150.0,0.23749999701976776,7.0,True
326,1675347078.6331525,1462.0,False,-0.8534038066864014,-380.0,0.03750000149011612,-2.0,True,0.934726893901825,-241.0,0.3499999940395355,7.0,True
327,1675347078.6834157,1457.0,False,-0.9125087857246399,-437.0,0.012500000186264515,-2.0,True,0.992514967918396,-338.0,0.5375000238418579,7.0,True
328,1675347078.7337413,1452.0,False,-0.9588878750801086,-534.0,-0.03750000149011612,-2.0,True,1.032257318496704,-343.0,0.4749999940395355,7.0,True
329,1675347078.784335,1444.0,False,-1.0177972316741943,-634.0,0.15000000596046448,-2.0,True,1.0857816934585571,-261.0,0.3125,7.0,True
330,1675347078.8347173,1435.0,False,-1.0626899003982544,-749.0,0.30000001192092896,-2.0,True,1.1257977485656738,-176.0,0.11249999701976776,7.0,True
331,1675347078.8849897,1435.0,False,-1.1008284091949463,-845.0,0.17499999701976776,7.0,True,1.1693605184555054,10.0,-0.02500000037252903,-2.0,True
332,1675347078.9353032,1444.0,False,-1.062950611114502,-656.0,0.38749998807907104,7.0,True,1.1513147354125977,-96.0,0.2874999940395355,-2.0,True
333,1675347078.9857323,1450.0,False,-1.020730972290039,-461.0,0.36250001192092896,7.0,True,1.1179745197296143,-215.0,0.13750000298023224,-2.0,True
334,1675347079.0359802,1453.0,False,-0.9831922054290771,-300.0,0.5625,7.0,True,1.0762763023376465,-358.0,0.125,-2.0,True
335,1675347079.086327,1459.0,False,-0.9476092457771301,-155.0,0.5,7.0,True,1.0347086191177368,-416.0,0.11249999701976776,-2.0,True
336,1675347079.136613,1465.0,False,-0.8983355760574341,79.0,0.38749998807907104,7.0,True,0.9793066382408142,-422.0,0.012500000186264515,-2.0,True
337,1675347079.186996,1471.0,False,-0.8760913610458374,108.0,0.38749998807907104,7.0,True,0.9574796557426453,-369.0,0.0,-2.0,True
338,1675347079.237212,1479.0,False,-0.8113275170326233,9.0,0.22499999403953552,7.0,True,0.8922855854034424,-283.0,0.17499999701976776,-2.0,True
339,1675347079.287623,1485.0,False,-0.7628231048583984,-115.0,0.13750000298023224,7.0,True,0.8452936410903931,-181.0,-0.012500000186264515,-2.0,True
340,1675347079.3379424,1490.0,False,-0.7073429226875305,-213.0,0.02500000037252903,7.0,True,0.7904654145240784,-103.0,0.08749999850988388,-2.0,True
341,1675347079.3881829,1497.0,False,-0.6708211898803711,-252.0,0.03750000149011612,0.0,True,0.7467853426933289,-101.0,0.08749999850988388,0.0,True
342,1675347079.4384167,1499.0,False,-0.6495288014411926,42.0,0.08749999850988388,7.0,True,0.6999238729476929,-111.0,0.07500000298023224,-2.0,True
343,1675347079.488885,1503.0,False,-0.623203456401825,-226.0,0.48750001192092896,7.0,True,0.6662054657936096,-160.0,0.2750000059604645,-2.0,True
344,1675347079.5393598,1510.0,False,-0.553197979927063,-166.0,0.2874999940395355,7.0,True,0.6254852414131165,-281.0,0.13750000298023224,-2.0,True
345,1675347079.5896497,1515.0,False,-0.5148769021034241,-178.0,0.23749999701976776,-2.0,True,0.6001768708229065,-315.0,0.07500000298023224,7.0,True
346,1675347079.6399467,1514.0,False,-0.5068971514701843,-228.0,0.0,-2.0,True,0.6130722761154175,-355.0,0.1875,7.0,True
347,1675347079.6903214,1502.0,False,-0.5179671049118042,-284.0,0.15000000596046448,-2.0,True,0.6274279952049255,-355.0,0.22499999403953552,7.0,True
348,1675347079.7407057,1496.0,False,-0.569092333316803,-497.0,0.11249999701976776,-2.0,True,0.6737810373306274,-201.0,0.20000000298023224,7.0,True
349,1675347079.7909625,1490.0,False,-0.6252635717391968,-622.0,0.21250000596046448,-2.0,True,0.7150619029998779,-86.0,0.38749998807907104,7.0,True
350,1675347079.8412898,1483.0,False,-0.6700388789176941,-609.0,0.1875,-2.0,True,0.7567079067230225,-54.0,0.4000000059604645,7.0,True
351,1675347079.891626,1477.0,False,-0.7400181889533997,-580.0,0.08749999850988388,-2.0,True,0.8154999613761902,-28.0,0.550000011920929,7.0,True
352,1675347079.9419527,1468.0,False,-0.7916519641876221,-505.0,0.16249999403953552,-2.0,True,0.8634958267211914,-113.0,0.20000000298023224,7.0,True
353,1675347079.992239,1462.0,False,-0.8532603979110718,-454.0,0.17499999701976776,-2.0,True,0.9264733195304871,-214.0,0.15000000596046448,7.0,True
354,1675347080.0426252,1456.0,False,-0.8842275738716125,-464.0,0.21250000596046448,-2.0,True,0.9598918557167053,-278.0,0.07500000298023224,7.0,True
355,1675347080.0929456,1452.0,False,-0.9484176635742188,-624.0,0.21250000596046448,-2.0,True,1.0209134817123413,-344.0,0.03750000149011612,7.0,True
356,1675347080.1432896,1444.0,False,-1.0092177391052246,-711.0,0.3125,-2.0,True,1.0788319110870361,-276.0,0.2874999940395355,7.0,True
357,1675347080.1936133,1435.0,False,-1.063094139099121,-832.0,0.0,-2.0,True,1.1311697959899902,-170.0,0.16249999403953552,7.0,True
358,1675347080.2439222,1429.0,False,-1.127297282218933,-885.0,-0.15000000596046448,-2.0,True,1.1965594291687012,57.0,0.44999998807907104,7.0,True
359,1675347080.294235,1423.0,False,-1.1712902784347534,-887.0,0.08749999850988388,-2.0,True,1.2379447221755981,130.0,0.4375,7.0,True
360,1675347080.3446958,1415.0,False,-1.2430298328399658,-772.0,0.1875,-2.0,True,1.3118878602981567,205.0,0.4625000059604645,7.0,True
361,1675347080.395072,1410.0,False,-1.2800339460372925,-726.0,0.0,-2.0,True,1.3470405340194702,152.0,0.38749998807907104,7.0,True
362,1675347080.4454951,1404.0,False,-1.3462190628051758,-620.0,0.08749999850988388,0.0,True,1.4083881378173828,155.0,0.05000000074505806,0.0,True
363,1675347080.4957652,1397.0,False,-1.375908374786377,-548.0,0.125,7.0,True,1.4102004766464233,286.0,0.07500000298023224,-2.0,True
364,1675347080.5460365,1408.0,False,-1.349009394645691,-521.0,0.11249999701976776,7.0,True,1.400043249130249,156.0,0.0,-2.0,True
365,1675347080.5962722,1415.0,False,-1.2940115928649902,-480.0,0.012500000186264515,-2.0,True,1.3785291910171509,68.0,0.3375000059604645,7.0,True
366,1675347080.646511,1411.0,False,-1.3030996322631836,-536.0,0.08749999850988388,-2.0,True,1.3985568284988403,81.0,0.375,7.0,True
367,1675347080.6968648,1406.0,False,-1.347092628479004,-604.0,0.03750000149011612,-2.0,True,1.4445316791534424,16.0,0.5249999761581421,7.0,True
368,1675347080.7470841,1401.0,False,-1.3875129222869873,-588.0,0.08749999850988388,-2.0,True,1.4777806997299194,-100.0,0.36250001192092896,7.0,True
369,1675347080.797383,1393.0,False,-1.419731855392456,-523.0,0.10000000149011612,-2.0,True,1.5042234659194946,-148.0,0.21250000596046448,7.0,True
370,1675347080.8476229,1384.0,False,-1.4955787658691406,-372.0,0.10000000149011612,7.0,True,1.5646061897277832,-274.0,0.10000000149011612,-2.0,True
371,1675347080.897859,1377.0,False,-1.5216823816299438,-310.0,0.13750000298023224,7.0,True,1.561320424079895,-271.0,0.0625,-2.0,True
372,1675347080.94825,1384.0,False,-1.518826961517334,-102.0,0.22499999403953552,7.0,True,1.5472776889801025,-200.0,0.23749999701976776,-2.0,True
373,1675347080.9984872,1392.0,False,-1.465198278427124,-89.0,0.2874999940395355,7.0,True,1.5305097103118896,-186.0,0.25,-2.0,True
374,1675347081.0489354,1400.0,False,-1.3995087146759033,-250.0,0.4625000059604645,7.0,True,1.4969738721847534,-157.0,0.15000000596046448,-2.0,True
375,1675347081.099352,1403.0,False,-1.3584755659103394,-322.0,0.5,7.0,True,1.46242094039917,-78.0,0.125,-2.0,True
376,1675347081.1495051,1411.0,False,-1.3141826391220093,-353.0,0.375,-2.0,True,1.411686897277832,-8.0,0.48750001192092896,7.0,True
377,1675347081.1999135,1411.0,False,-1.319150447845459,-382.0,0.02500000037252903,-2.0,True,1.426303505897522,-75.0,0.0625,7.0,True
378,1675347081.2502258,1405.0,False,-1.3577452898025513,-460.0,0.16249999403953552,7.0,True,1.4659284353256226,-128.0,0.2750000059604645,-2.0,True
379,1675347081.300531,1406.0,False,-1.3574845790863037,-500.0,0.26249998807907104,7.0,True,1.4674278497695923,38.0,-0.012500000186264515,-2.0,True
380,1675347081.3509166,1411.0,False,-1.3182246685028076,-405.0,0.05000000074505806,7.0,True,1.4333704710006714,-51.0,0.0,-2.0,True
381,1675347081.4012253,1415.0,False,-1.2887178659439087,-422.0,0.4625000059604645,0.0,True,1.398465633392334,-24.0,0.03750000149011612,0.0,True
382,1675347081.4514108,1418.0,False,-1.2715848684310913,-413.0,0.22499999403953552,7.0,True,1.3415902853012085,12.0,0.0,-2.0,True
383,1675347081.501726,1420.0,False,-1.2648568153381348,-364.0,0.4375,7.0,True,1.3158776760101318,1.0,-0.012500000186264515,-2.0,True
384,1675347081.552008,1425.0,False,-1.2100416421890259,-427.0,0.30000001192092896,7.0,True,1.2784302234649658,-69.0,0.1875,-2.0,True
385,1675347081.6023376,1431.0,False,-1.1669092178344727,-465.0,0.02500000037252903,7.0,True,1.2486755847930908,-172.0,0.012500000186264515,-2.0,True
386,1675347081.6527827,1437.0,False,-1.114793062210083,-469.0,0.10000000149011612,7.0,True,1.2033265829086304,-322.0,0.0625,-2.0,True
387,1675347081.7030559,1443.0,False,-1.0667319297790527,-366.0,0.23749999701976776,7.0,True,1.1554089784622192,-460.0,0.03750000149011612,-2.0,True
388,1675347081.7535274,1449.0,False,-1.0421407222747803,-289.0,0.22499999403953552,7.0,True,1.12800133228302,-527.0,0.15000000596046448,-2.0,True
389,1675347081.8037481,1454.0,False,-0.9869082570075989,-86.0,0.3125,7.0,True,1.067657709121704,-592.0,0.4124999940395355,-2.0,True
390,1675347081.8540928,1462.0,False,-0.9346877932548523,91.0,0.32499998807907104,7.0,True,1.0135074853897095,-618.0,0.0625,-2.0,True
391,1675347081.9042685,1468.0,False,-0.8983355760574341,184.0,0.23749999701976776,7.0,True,0.9776376485824585,-574.0,0.30000001192092896,-2.0,True
392,1675347081.9546382,1475.0,False,-0.8330632448196411,113.0,0.36250001192092896,7.0,True,0.9145298004150391,-439.0,0.17499999701976776,-2.0,True
393,1675347082.004873,1481.0,False,-0.812514066696167,46.0,0.125,7.0,True,0.8928331732749939,-381.0,0.16249999403953552,-2.0,True
394,1675347082.0557146,1486.0,False,-0.724749743938446,-193.0,0.17499999701976776,7.0,True,0.8096455335617065,-171.0,0.02500000037252903,-2.0,True
395,1675347082.1059663,1494.0,False,-0.6860114336013794,-255.0,0.08749999850988388,7.0,True,0.7715460658073425,-128.0,0.08749999850988388,-2.0,True
396,1675347082.156123,1499.0,False,-0.6397497057914734,-272.0,0.30000001192092896,7.0,True,0.7252061367034912,-126.0,0.16249999403953552,-2.0,True
397,1675347082.2065146,1506.0,False,-0.6010374426841736,-304.0,0.44999998807907104,7.0,True,0.6862983107566833,-157.0,0.15000000596046448,-2.0,True
398,1675347082.2568398,1512.0,False,-0.533209502696991,-227.0,0.637499988079071,7.0,True,0.6168274283409119,-285.0,0.36250001192092896,-2.0,True
399,1675347082.3071134,1520.0,False,-0.48094990849494934,-240.0,0.574999988079071,7.0,True,0.5663150548934937,-342.0,0.26249998807907104,-2.0,True
400,1675347082.3573902,1525.0,False,-0.4350532591342926,-253.0,0.44999998807907104,7.0,True,0.5225567817687988,-406.0,0.13750000298023224,-2.0,True
401,1675347082.4078753,1532.0,False,-0.3893391489982605,-225.0,0.23749999701976776,0.0,True,0.48079344630241394,-434.0,0.07500000298023224,0.0,True
402,1675347082.4579895,1535.0,False,-0.37146294116973877,104.0,0.012500000186264515,0.0,True,0.42833825945854187,-456.0,0.17499999701976776,0.0,True
403,1675347082.5082996,1535.0,False,-0.3762221038341522,-181.0,0.0625,7.0,True,0.4056116044521332,-464.0,0.125,-2.0,True
404,1675347082.5584288,1537.0,False,-0.35215243697166443,16.0,0.13750000298023224,7.0,True,0.38184183835983276,-483.0,0.20000000298023224,-2.0,True
405,1675347082.6088846,1544.0,False,-0.29780665040016174,92.0,0.5375000238418579,7.0,True,0.3633788824081421,-538.0,-0.02500000037252903,-2.0,True
406,1675347082.6592867,1551.0,False,-0.26620054244995117,148.0,0.4749999940395355,7.0,True,0.34895792603492737,-580.0,0.22499999403953552,-2.0,True
407,1675347082.7095668,1556.0,False,-0.21053782105445862,206.0,0.44999998807907104,7.0,True,0.31534385681152344,-658.0,0.26249998807907104,-2.0,True
408,1675347082.7598891,1563.0,False,-0.14985515177249908,232.0,0.4625000059604645,7.0,True,0.2574775815010071,-721.0,0.4124999940395355,-2.0,True
409,1675347082.81012,1568.0,False,-0.11557609587907791,168.0,0.125,7.0,True,0.21858277916908264,-648.0,0.07500000298023224,-2.0,True
410,1675347082.8616042,1574.0,False,-0.06516802310943604,96.0,0.07500000298023224,7.0,True,0.1622159630060196,-531.0,-0.08749999850988388,-2.0,True
411,1675347082.911767,1580.0,False,-0.01292147021740675,-61.0,0.22499999403953552,7.0,True,0.10583610087633133,-347.0,0.13750000298023224,-2.0,True
412,1675347082.961946,1588.0,False,0.008892474696040154,-111.0,0.30000001192092896,7.0,True,0.08588670939207077,-280.0,0.0,-2.0,True
413,1675347083.0123034,1593.0,False,0.07732020318508148,-232.0,0.42500001192092896,7.0,True,0.018449930474162102,-127.0,0.08749999850988388,-2.0,True
414,1675347083.0625882,1598.0,False,0.11154710501432419,-89.0,-0.03750000149011612,-2.0,True,-0.007458204869180918,-134.0,0.44999998807907104,7.0,True
415,1675347083.1129878,1591.0,False,0.08939415216445923,-343.0,0.23749999701976776,-2.0,True,0.030471721664071083,-191.0,0.6499999761581421,7.0,True
416,1675347083.163252,1582.0,False,0.08416558057069778,-359.0,0.08749999850988388,-2.0,True,0.03722583130002022,-225.0,0.5874999761581421,7.0,True
417,1675347083.2135184,1576.0,False,0.021357586607336998,-441.0,0.375,7.0,True,0.09626560658216476,-290.0,0.17499999701976776,-2.0,True
418,1675347083.2638667,1586.0,False,0.05107305571436882,-385.0,0.13750000298023224,7.0,True,0.07773744314908981,-256.0,0.10000000149011612,-2.0,True
419,1675347083.3143182,1593.0,False,0.08376137912273407,-336.0,0.11249999701976776,7.0,True,0.04514039307832718,-200.0,-0.05000000074505806,-2.0,True
420,1675347083.3644917,1598.0,False,0.10621422529220581,-353.0,0.4375,7.0,True,0.01803268864750862,-155.0,-0.05000000074505806,-2.0,True
421,1675347083.4163597,1602.0,False,0.14879901707172394,-372.0,0.5625,0.0,True,-0.03601321950554848,-118.0,0.17499999701976776,0.0,True
422,1675347083.465272,1604.0,False,0.15483598411083221,-335.0,0.10000000149011612,0.0,True,-0.07888486236333847,-121.0,0.07500000298023224,0.0,True
423,1675347083.515608,1606.0,False,0.14698661863803864,-318.0,0.05000000074505806,7.0,True,-0.11016498506069183,-82.0,0.17499999701976776,-2.0,True
424,1675347083.565978,1609.0,False,0.17491576075553894,-278.0,0.23749999701976776,7.0,True,-0.13033604621887207,-99.0,0.07500000298023224,-2.0,True
425,1675347083.616256,1615.0,False,0.2202778160572052,-367.0,0.23749999701976776,7.0,True,-0.1480557918548584,-189.0,0.17499999701976776,-2.0,True
426,1675347083.666507,1619.0,False,0.2858109176158905,-386.0,0.03750000149011612,7.0,True,-0.18367785215377808,-302.0,0.10000000149011612,-2.0,True
427,1675347083.7167475,1626.0,False,0.30600807070732117,-426.0,0.32499998807907104,7.0,True,-0.19907669723033905,-353.0,0.07500000298023224,-2.0,True
428,1675347083.7670565,1631.0,False,0.3691941797733307,-283.0,0.4749999940395355,7.0,True,-0.26327985525131226,-471.0,0.16249999403953552,-2.0,True
429,1675347083.8173637,1636.0,False,0.38875240087509155,-211.0,0.3125,7.0,True,-0.2859804332256317,-523.0,-0.07500000298023224,-2.0,True
430,1675347083.8677182,1642.0,False,0.4442456364631653,-22.0,0.38749998807907104,7.0,True,-0.35044434666633606,-575.0,0.20000000298023224,-2.0,True
431,1675347083.9179647,1649.0,False,0.4832708239555359,96.0,0.550000011920929,7.0,True,-0.39558476209640503,-586.0,0.25,-2.0,True
432,1675347083.9684248,1655.0,False,0.5168066620826721,160.0,0.38749998807907104,7.0,True,-0.4307895600795746,-551.0,0.3375000059604645,-2.0,True
433,1675347084.0194242,1662.0,False,0.5814140439033508,58.0,0.21250000596046448,7.0,True,-0.496114045381546,-406.0,-0.05000000074505806,-2.0,True
434,1675347084.069464,1667.0,False,0.6260067820549011,-45.0,0.1875,7.0,True,-0.5383207201957703,-273.0,0.012500000186264515,-2.0,True
435,1675347084.119827,1676.0,False,0.6752282977104187,-159.0,0.07500000298023224,7.0,True,-0.5883637070655823,-151.0,0.13750000298023224,-2.0,True
436,1675347084.1700585,1684.0,False,0.7365629076957703,-260.0,0.25,7.0,True,-0.6436613202095032,-81.0,0.13750000298023224,-2.0,True
437,1675347084.2202413,1689.0,False,0.7571512460708618,-254.0,0.30000001192092896,7.0,True,-0.6625024080276489,-117.0,-0.02500000037252903,-2.0,True
438,1675347084.2706769,1699.0,False,0.822110652923584,-304.0,0.4749999940395355,7.0,True,-0.7203817367553711,-138.0,0.21250000596046448,-2.0,True
439,1675347084.3209107,1705.0,False,0.8854662775993347,-239.0,0.550000011920929,7.0,True,-0.776826798915863,-234.0,0.2750000059604645,-2.0,True
440,1675347084.3711782,1713.0,False,0.9378432035446167,-284.0,0.17499999701976776,7.0,True,-0.8251878023147583,-304.0,0.26249998807907104,-2.0,True
441,1675347084.421278,1717.0,False,0.9653681516647339,-287.0,0.13750000298023224,0.0,True,-0.8550597429275513,-323.0,0.1875,0.0,True
442,1675347084.471564,1719.0,False,0.9585097432136536,-290.0,0.16249999403953552,0.0,True,-0.8979052901268005,-383.0,0.08749999850988388,0.0,True
443,1675347084.5218625,1719.0,False,0.9556151032447815,-308.0,0.21250000596046448,-2.0,True,-0.904268205165863,-396.0,0.1875,7.0,True
444,1675347084.5722525,1715.0,False,0.93442702293396,-367.0,0.20000000298023224,-2.0,True,-0.8879436254501343,-382.0,0.10000000149011612,7.0,True
445,1675347084.6226406,1710.0,False,0.914151668548584,-407.0,0.03750000149011612,-2.0,True,-0.8332849144935608,-249.0,0.5,7.0,True
446,1675347084.672927,1702.0,False,0.8876959085464478,-463.0,0.3125,7.0,True,-0.7772179841995239,-174.0,0.48750001192092896,-2.0,True
447,1675347084.7232556,1699.0,False,0.8823630213737488,-528.0,0.42500001192092896,7.0,True,-0.748988926410675,-101.0,0.15000000596046448,-2.0,True
448,1675347084.773476,1708.0,False,0.9008911848068237,-470.0,0.22499999403953552,7.0,True,-0.7607890367507935,-137.0,0.15000000596046448,-2.0,True
449,1675347084.8238077,1712.0,False,0.9399163722991943,-404.0,0.15000000596046448,7.0,True,-0.7984582185745239,-225.0,0.25,-2.0,True
450,1675347084.8738875,1715.0,False,0.9581576585769653,-342.0,0.0625,-2.0,True,-0.8145089745521545,-294.0,0.13750000298023224,7.0,True
451,1675347084.9242926,1708.0,False,0.9406726360321045,-454.0,0.05000000074505806,-2.0,True,-0.7924212217330933,-255.0,0.32499998807907104,7.0,True
452,1675347084.9745324,1701.0,False,0.8840059041976929,-556.0,0.08749999850988388,-2.0,True,-0.7413221001625061,-103.0,0.05000000074505806,7.0,True
453,1675347085.0249944,1695.0,False,0.8386307954788208,-689.0,-0.0625,-2.0,True,-0.7075515389442444,-27.0,0.48750001192092896,7.0,True
454,1675347085.0752854,1685.0,False,0.7699553370475769,-702.0,0.17499999701976776,-2.0,True,-0.6569348573684692,4.0,0.4625000059604645,7.0,True
455,1675347085.125556,1675.0,False,0.7454293370246887,-723.0,0.15000000596046448,-2.0,True,-0.6384066939353943,49.0,0.5625,7.0,True
456,1675347085.1758811,1667.0,False,0.6563611626625061,-640.0,0.05000000074505806,-2.0,True,-0.5646330714225769,-34.0,0.38749998807907104,7.0,True
457,1675347085.2261078,1657.0,False,0.601976215839386,-551.0,0.21250000596046448,-2.0,True,-0.5175759792327881,-107.0,0.4124999940395355,7.0,True
458,1675347085.2764232,1650.0,False,0.5482171773910522,-479.0,0.13750000298023224,-2.0,True,-0.46742865443229675,-244.0,0.21250000596046448,7.0,True
459,1675347085.3268511,1639.0,False,0.483844518661499,-559.0,0.03750000149011612,-2.0,True,-0.40471193194389343,-333.0,0.30000001192092896,7.0,True
460,1675347085.377192,1632.0,False,0.41352617740631104,-676.0,0.05000000074505806,-2.0,True,-0.3305210471153259,-269.0,0.20000000298023224,7.0,True
461,1675347085.427348,1622.0,False,0.3807074725627899,-730.0,-0.012500000186264515,0.0,True,-0.2962941527366638,-206.0,0.48750001192092896,0.0,True
462,1675347085.4778874,1618.0,False,0.3130229413509369,-816.0,-0.012500000186264515,0.0,True,-0.2695906460285187,48.0,0.0,0.0,True
463,1675347085.5285733,1615.0,False,0.2746236324310303,-767.0,0.125,0.0,True,-0.27115529775619507,288.0,0.012500000186264515,0.0,True
464,1675347085.578327,1613.0,False,0.24288713932037354,-645.0,0.23749999701976776,-2.0,True,-0.25177961587905884,-7.0,0.36250001192092896,7.0,True
465,1675347085.628778,1607.0,False,0.22417642176151276,-675.0,0.13750000298023224,-2.0,True,-0.2025059163570404,107.0,0.38749998807907104,7.0,True
466,1675347085.6790998,1601.0,False,0.19446095824241638,-652.0,0.08749999850988388,-2.0,True,-0.12259098142385483,189.0,-0.02500000037252903,7.0,True
467,1675347085.729342,1594.0,False,0.17687159776687622,-657.0,0.012500000186264515,-2.0,True,-0.0908675342798233,175.0,0.26249998807907104,7.0,True
468,1675347085.7795799,1588.0,False,0.12652871012687683,-647.0,-0.05000000074505806,-2.0,True,-0.021670518442988396,134.0,0.25,7.0,True
469,1675347085.829872,1582.0,False,0.08872916549444199,-584.0,0.02500000037252903,-2.0,True,0.01678096130490303,76.0,0.30000001192092896,7.0,True
470,1675347085.8801193,1575.0,False,0.006389021873474121,-439.0,0.23749999701976776,-2.0,True,0.08956365287303925,-92.0,0.42500001192092896,7.0,True
471,1675347085.9303112,1567.0,False,-0.008292688988149166,-389.0,0.20000000298023224,-2.0,True,0.09982520341873169,-124.0,0.3375000059604645,7.0,True
472,1675347085.9806855,1559.0,False,-0.10215914994478226,-216.0,0.3125,7.0,True,0.1852034032344818,-366.0,0.512499988079071,-2.0,True
473,1675347086.0309541,1565.0,False,-0.08711235225200653,-243.0,0.03750000149011612,7.0,True,0.185503289103508,-372.0,0.32499998807907104,-2.0,True
474,1675347086.0812395,1576.0,False,-0.03888176009058952,-271.0,0.0,7.0,True,0.15406669676303864,-323.0,0.30000001192092896,-2.0,True
475,1675347086.1315842,1580.0,False,-0.014303585514426231,-284.0,0.03750000149011612,-2.0,True,0.13037516176700592,-248.0,-0.012500000186264515,7.0,True
476,1675347086.1818082,1577.0,False,-0.011656705290079117,-321.0,-0.02500000037252903,-2.0,True,0.13659468293190002,-332.0,0.30000001192092896,7.0,True
477,1675347086.2320933,1569.0,False,-0.019805967807769775,-363.0,0.21250000596046448,-2.0,True,0.14615213871002197,-375.0,0.21250000596046448,7.0,True
478,1675347086.2824404,1560.0,False,-0.07312170416116714,-372.0,0.20000000298023224,7.0,True,0.19230955839157104,-414.0,0.4375,-2.0,True
479,1675347086.332847,1565.0,False,-0.0899157002568245,-380.0,0.2874999940395355,7.0,True,0.20852984488010406,-437.0,0.30000001192092896,-2.0,True
480,1675347086.38306,1573.0,False,-0.05400679260492325,-351.0,0.3499999940395355,-2.0,True,0.1808614730834961,-412.0,0.25,7.0,True
481,1675347086.4333785,1572.0,False,-0.046522509306669235,-339.0,0.03750000149011612,-2.0,True,0.17804507911205292,-455.0,0.15000000596046448,7.0,True
482,1675347086.4836762,1562.0,False,-0.06958818435668945,-360.0,0.0625,-2.0,True,0.20191916823387146,-478.0,0.30000001192092896,7.0,True
483,1675347086.5339563,1557.0,False,-0.09929060935974121,-405.0,0.03750000149011612,7.0,True,0.2269667387008667,-483.0,0.2750000059604645,-2.0,True
484,1675347086.584258,1552.0,False,-0.16707943379878998,-356.0,0.012500000186264515,7.0,True,0.262914776802063,-408.0,0.0,-2.0,True
485,1675347086.634551,1549.0,False,-0.20364028215408325,-549.0,0.5375000238418579,7.0,True,0.24965427815914154,-417.0,0.08749999850988388,-2.0,True
486,1675347086.6850004,1560.0,False,-0.14424847066402435,-101.0,0.5375000238418579,7.0,True,0.2236679196357727,-426.0,0.02500000037252903,-2.0,True
487,1675347086.7353046,1568.0,False,-0.11277275532484055,-77.0,0.48750001192092896,7.0,True,0.20867326855659485,-446.0,0.11249999701976776,-2.0,True
488,1675347086.7854815,1572.0,False,-0.0719090923666954,299.0,0.11249999701976776,-2.0,True,0.1903146207332611,-464.0,0.7124999761581421,7.0,True
489,1675347086.83577,1562.0,False,-0.07428215444087982,-88.0,0.012500000186264515,-2.0,True,0.19490428268909454,-470.0,0.15000000596046448,7.0,True
490,1675347086.8860242,1558.0,False,-0.11592814326286316,-253.0,0.23749999701976776,7.0,True,0.23949703574180603,-494.0,0.375,-2.0,True
491,1675347086.9363499,1568.0,False,-0.08940719068050385,-194.0,0.15000000596046448,7.0,True,0.22282038629055023,-480.0,0.15000000596046448,-2.0,True
492,1675347086.986536,1573.0,False,-0.0584530308842659,-170.0,0.48750001192092896,7.0,True,0.188802108168602,-457.0,0.17499999701976776,-2.0,True
493,1675347087.0368528,1578.0,False,-0.027185939252376556,-193.0,0.10000000149011612,-2.0,True,0.14958134293556213,-413.0,0.7749999761581421,7.0,True
494,1675347087.0870104,1572.0,False,-0.029624199494719505,-202.0,0.3125,-2.0,True,0.15692219138145447,-418.0,0.4000000059604645,7.0,True
495,1675347087.1373804,1561.0,False,-0.0793021023273468,-297.0,0.125,-2.0,True,0.20936432480812073,-499.0,0.44999998807907104,7.0,True
496,1675347087.1876583,1556.0,False,-0.12203031778335571,-332.0,0.0,7.0,True,0.24035760760307312,-494.0,0.4375,-2.0,True
497,1675347087.2378733,1552.0,False,-0.1747984141111374,-333.0,-0.10000000149011612,7.0,True,0.24313487112522125,-459.0,0.17499999701976776,-2.0,True
498,1675347087.2881043,1559.0,False,-0.15361033380031586,-194.0,0.22499999403953552,0.0,True,0.22267696261405945,-432.0,-0.03750000149011612,0.0,True
499,1675347087.3382897,1562.0,False,-0.14709092676639557,-61.0,-0.15000000596046448,0.0,True,0.21051174402236938,-425.0,-0.03750000149011612,0.0,True
500,1675347087.3886647,1563.0,False,-0.15078091621398926,-193.0,0.03750000149011612,0.0,True,0.20245376229286194,-441.0,0.1875,0.0,True
501,1675347087.4390068,1562.0,False,-0.15079395473003387,-191.0,0.11249999701976776,0.0,True,0.20245376229286194,-441.0,-0.02500000037252903,0.0,True
502,1675347087.4892128,1563.0,False,-0.15079395473003387,-191.0,0.08749999850988388,0.0,True,0.20246680080890656,-456.0,-0.02500000037252903,0.0,True
503,1675347087.5394938,1563.0,False,-0.15079395473003387,-191.0,0.08749999850988388,0.0,True,0.20246680080890656,-456.0,0.05000000074505806,0.0,True
504,1675347087.5896819,1563.0,False,-0.15079395473003387,-191.0,0.16249999403953552,0.0,True,0.20246680080890656,-456.0,0.03750000149011612,0.0,True
505,1675347087.6399899,1562.0,False,-0.15079395473003387,-191.0,0.012500000186264515,0.0,True,0.20246680080890656,-456.0,0.21250000596046448,0.0,True
506,1675347087.6902606,1563.0,False,-0.15079395473003387,-191.0,0.0,0.0,True,0.20246680080890656,-456.0,0.05000000074505806,0.0,True
507,1675347087.740443,1562.0,False,-0.15079395473003387,-191.0,0.03750000149011612,0.0,True,0.20246680080890656,-456.0,-0.02500000037252903,0.0,True
508,1675347087.7907686,1563.0,False,-0.15079395473003387,-191.0,0.0,0.0,True,0.20246680080890656,-456.0,0.15000000596046448,0.0,True
509,1675347087.841336,1562.0,False,-0.15079395473003387,-191.0,0.20000000298023224,0.0,True,0.20246680080890656,-456.0,0.08749999850988388,0.0,True
510,1675347087.8916163,1562.0,False,-0.15079395473003387,-191.0,0.125,0.0,True,0.20246680080890656,-456.0,-0.05000000074505806,0.0,True
511,1675347087.9417968,1562.0,False,-0.15079395473003387,-191.0,0.21250000596046448,0.0,True,0.20246680080890656,-456.0,0.10000000149011612,0.0,True
512,1675347087.992122,1562.0,False,-0.15079395473003387,-191.0,0.07500000298023224,0.0,True,0.20246680080890656,-456.0,0.16249999403953552,0.0,True
513,1675347088.0424,1563.0,False,-0.15079395473003387,-191.0,0.0625,0.0,True,0.20246680080890656,-456.0,0.1875,0.0,True
514,1675347088.092709,1562.0,False,-0.15079395473003387,-191.0,0.17499999701976776,0.0,True,0.20246680080890656,-456.0,0.125,0.0,True
515,1675347088.1431184,1562.0,False,-0.15079395473003387,-191.0,-0.012500000186264515,0.0,True,0.20246680080890656,-456.0,-0.10000000149011612,0.0,True
516,1675347088.1935117,1563.0,False,-0.15079395473003387,-191.0,0.11249999701976776,0.0,True,0.20246680080890656,-456.0,0.11249999701976776,0.0,True
517,1675347088.2438626,1562.0,False,-0.15079395473003387,-191.0,0.15000000596046448,0.0,True,0.20246680080890656,-456.0,0.08749999850988388,0.0,True
518,1675347088.2941658,1563.0,False,-0.15079395473003387,-191.0,0.05000000074505806,0.0,True,0.20246680080890656,-456.0,0.13750000298023224,0.0,True
519,1675347088.3444252,1562.0,False,-0.15079395473003387,-191.0,0.02500000037252903,0.0,True,0.20246680080890656,-456.0,0.15000000596046448,0.0,True
520,1675347088.394786,1562.0,False,-0.15079395473003387,-191.0,0.10000000149011612,0.0,True,0.20246680080890656,-456.0,0.125,0.0,True
521,1675347088.44516,1562.0,False,-0.15079395473003387,-191.0,-0.02500000037252903,0.0,True,0.20246680080890656,-456.0,0.02500000037252903,0.0,True
522,1675347088.4954426,1561.0,False,-0.15079395473003387,-191.0,0.0625,0.0,True,0.20246680080890656,-456.0,-0.012500000186264515,0.0,True
523,1675347088.5457773,1562.0,False,-0.15079395473003387,-191.0,0.02500000037252903,0.0,True,0.20246680080890656,-456.0,0.17499999701976776,0.0,True
524,1675347088.5960412,1563.0,False,-0.15079395473003387,-191.0,0.012500000186264515,0.0,True,0.20246680080890656,-456.0,0.0625,0.0,True
525,1675347088.6464145,1562.0,False,-0.15079395473003387,-191.0,0.15000000596046448,0.0,True,0.20246680080890656,-456.0,-0.012500000186264515,0.0,True
526,1675347088.6966116,1562.0,False,-0.15079395473003387,-191.0,-0.10000000149011612,0.0,True,0.20246680080890656,-456.0,-0.03750000149011612,0.0,True
527,1675347088.7469387,1563.0,False,-0.15079395473003387,-191.0,0.07500000298023224,0.0,True,0.20246680080890656,-456.0,0.0625,0.0,True
528,1675347088.7973046,1563.0,False,-0.15079395473003387,-191.0,0.0625,0.0,True,0.20246680080890656,-456.0,-0.05000000074505806,0.0,True
529,1675347088.8476324,1564.0,False,-0.15079395473003387,-191.0,0.03750000149011612,0.0,True,0.20246680080890656,-456.0,-0.125,0.0,True
530,1675347088.897879,1562.0,False,-0.15079395473003387,-191.0,-0.02500000037252903,0.0,True,0.20246680080890656,-456.0,-0.13750000298023224,0.0,True
531,1675347088.9481332,1562.0,False,-0.15079395473003387,-191.0,0.0,0.0,True,0.20246680080890656,-456.0,0.23749999701976776,0.0,True
532,1675347088.9984472,1562.0,False,-0.15079395473003387,-191.0,0.21250000596046448,0.0,True,0.20246680080890656,-456.0,0.17499999701976776,0.0,True
533,1675347089.0487533,1562.0,False,-0.15079395473003387,-191.0,-0.16249999403953552,0.0,True,0.20246680080890656,-456.0,0.15000000596046448,0.0,True
534,1675347089.09901,1562.0,False,-0.15079395473003387,-191.0,0.10000000149011612,0.0,True,0.20246680080890656,-456.0,0.07500000298023224,0.0,True
535,1675347089.149676,1563.0,False,-0.15079395473003387,-191.0,0.11249999701976776,0.0,True,0.20246680080890656,-456.0,0.012500000186264515,0.0,True
536,1675347089.1999826,1563.0,False,-0.15079395473003387,-191.0,0.1875,0.0,True,0.20246680080890656,-456.0,0.1875,0.0,True
537,1675347089.250358,1563.0,False,-0.15079395473003387,-191.0,0.13750000298023224,0.0,True,0.20246680080890656,-456.0,0.16249999403953552,0.0,True
538,1675347089.3005595,1562.0,False,-0.15079395473003387,-191.0,0.08749999850988388,0.0,True,0.20246680080890656,-456.0,0.11249999701976776,0.0,True
539,1675347089.3507674,1562.0,False,-0.15079395473003387,-191.0,-0.11249999701976776,0.0,True,0.20246680080890656,-456.0,-0.07500000298023224,0.0,True
540,1675347089.4010365,1562.0,False,-0.15079395473003387,-191.0,-0.012500000186264515,0.0,True,0.20246680080890656,-456.0,0.02500000037252903,0.0,True
541,1675347089.4513211,1562.0,False,-0.15079395473003387,-191.0,0.08749999850988388,0.0,True,0.20246680080890656,-456.0,0.15000000596046448,0.0,True
542,1675347089.5015488,1562.0,False,-0.15079395473003387,-191.0,0.02500000037252903,0.0,True,0.20246680080890656,-456.0,0.03750000149011612,0.0,True
543,1675347089.5519154,1562.0,False,-0.15079395473003387,-191.0,0.0,0.0,True,0.20246680080890656,-456.0,-0.10000000149011612,0.0,True
544,1675347089.6021392,1563.0,False,-0.15079395473003387,-191.0,0.1875,0.0,True,0.20246680080890656,-456.0,0.125,0.0,True
545,1675347089.6524124,1562.0,False,-0.15079395473003387,-191.0,-0.02500000037252903,0.0,True,0.20246680080890656,-456.0,-0.05000000074505806,0.0,True
546,1675347089.7027009,1562.0,False,-0.15079395473003387,-191.0,0.23749999701976776,0.0,True,0.20246680080890656,-456.0,0.23749999701976776,0.0,True
547,1675347089.7529461,1563.0,False,-0.15079395473003387,-191.0,0.11249999701976776,0.0,True,0.20246680080890656,-456.0,0.125,0.0,True
548,1675347089.803222,1562.0,False,-0.15079395473003387,-191.0,0.11249999701976776,0.0,True,0.20246680080890656,-456.0,0.26249998807907104,0.0,True
549,1675347089.8535912,1563.0,False,-0.15079395473003387,-191.0,0.0,0.0,True,0.20246680080890656,-456.0,0.1875,0.0,True
550,1675347089.9037788,1562.0,False,-0.15079395473003387,-191.0,0.07500000298023224,0.0,True,0.20246680080890656,-456.0,0.0625,0.0,True
551,1675347089.9541504,1561.0,False,-0.15079395473003387,-191.0,0.11249999701976776,0.0,True,0.20246680080890656,-456.0,0.10000000149011612,0.0,True
552,1675347090.004337,1563.0,False,-0.15079395473003387,-191.0,0.15000000596046448,0.0,True,0.20246680080890656,-456.0,0.05000000074505806,0.0,True
553,1675347090.0546293,1562.0,False,-0.15079395473003387,-191.0,0.05000000074505806,0.0,True,0.20246680080890656,-456.0,0.03750000149011612,0.0,True
554,1675347090.104841,1563.0,False,-0.15079395473003387,-191.0,0.13750000298023224,0.0,True,0.20246680080890656,-456.0,0.11249999701976776,0.0,True
555,1675347090.154984,1562.0,False,-0.15079395473003387,-191.0,0.20000000298023224,0.0,True,0.20246680080890656,-456.0,0.17499999701976776,0.0,True
556,1675347090.205345,1563.0,False,-0.15079395473003387,-191.0,0.16249999403953552,0.0,True,0.20246680080890656,-456.0,-0.125,0.0,True
557,1675347090.2555904,1563.0,False,-0.15079395473003387,-191.0,0.08749999850988388,0.0,True,0.20246680080890656,-456.0,0.08749999850988388,0.0,True
558,1675347090.3057666,1563.0,False,-0.15079395473003387,-191.0,0.0,0.0,True,0.20246680080890656,-456.0,0.012500000186264515,0.0,True
559,1675347090.3560414,1563.0,False,-0.15079395473003387,-191.0,-0.03750000149011612,0.0,True,0.20246680080890656,-456.0,0.0,0.0,True
560,1675347090.4062347,1563.0,False,-0.15079395473003387,-191.0,-0.07500000298023224,0.0,True,0.20246680080890656,-456.0,0.05000000074505806,0.0,True
561,1675347090.4567444,1561.0,False,-0.15079395473003387,-191.0,0.02500000037252903,0.0,True,0.20246680080890656,-456.0,0.13750000298023224,0.0,True
